<qgis_style version="1">
  <!--geologic symbols for QGis-->
<symbols>
    <symbol alpha="1" clip_to_extent="1" force_rhr="0" name="25.033: Radial fracture, planetary (associated with coronae)" tags="fgdc,geology" type="line">
      <layer class="SimpleLine" enabled="1" locked="0" pass="0">
        <prop k="capstyle" v="square" />
      <prop k="customdash" v="5;2" />
      <prop k="customdash_map_unit_scale" v="3x:0,0,0,0,0,0" />
      <prop k="customdash_unit" v="MM" />
      <prop k="draw_inside_polygon" v="0" />
      <prop k="joinstyle" v="bevel" />
      <prop k="line_color" v="43,56,152,255" />
      <prop k="line_style" v="solid" />
      <prop k="line_width" v="0.325" />
      <prop k="line_width_unit" v="MM" />
      <prop k="offset" v="0" />
      <prop k="offset_map_unit_scale" v="3x:0,0,0,0,0,0" />
      <prop k="offset_unit" v="MM" />
      <prop k="ring_filter" v="0" />
      <prop k="use_custom_dash" v="0" />
      <prop k="width_map_unit_scale" v="3x:0,0,0,0,0,0" />
      <data_defined_properties>
          <Option type="Map">
            <Option name="name" type="QString" value="" />
          <Option name="properties" />
          <Option name="type" type="QString" value="collection" />
          </Option>
        </data_defined_properties>
      </layer>
    </symbol>
  <symbol alpha="1" clip_to_extent="1" force_rhr="0" name="17.001: NDY" tags="fgdc,geology" type="line">
      <layer class="SimpleLine" enabled="1" locked="0" pass="0">
        <prop k="capstyle" v="square" />
      <prop k="customdash" v="5;2" />
      <prop k="customdash_map_unit_scale" v="3x:0,0,0,0,0,0" />
      <prop k="customdash_unit" v="MM" />
      <prop k="draw_inside_polygon" v="0" />
      <prop k="joinstyle" v="bevel" />
      <prop k="line_color" v="35,35,35,255" />
      <prop k="line_style" v="solid" />
      <prop k="line_width" v="0.2" />
      <prop k="line_width_unit" v="MM" />
      <prop k="offset" v="0" />
      <prop k="offset_map_unit_scale" v="3x:0,0,0,0,0,0" />
      <prop k="offset_unit" v="MM" />
      <prop k="ring_filter" v="0" />
      <prop k="use_custom_dash" v="0" />
      <prop k="width_map_unit_scale" v="3x:0,0,0,0,0,0" />
      <data_defined_properties>
          <Option type="Map">
            <Option name="name" type="QString" value="" />
          <Option name="properties" />
          <Option name="type" type="QString" value="collection" />
          </Option>
        </data_defined_properties>
      </layer>
    </symbol>
  <symbol alpha="1" clip_to_extent="1" favorite="1" force_rhr="0" name="25.009: Normal fault, planetary - Location accurate. Ball and bar on downthrown block" tags="fgdc,geology" type="line">
      <layer class="SimpleLine" enabled="1" locked="0" pass="0">
        <prop k="capstyle" v="square" />
      <prop k="customdash" v="5;2" />
      <prop k="customdash_map_unit_scale" v="3x:0,0,0,0,0,0" />
      <prop k="customdash_unit" v="MM" />
      <prop k="draw_inside_polygon" v="0" />
      <prop k="joinstyle" v="bevel" />
      <prop k="line_color" v="35,35,35,255" />
      <prop k="line_style" v="solid" />
      <prop k="line_width" v="0.375" />
      <prop k="line_width_unit" v="MM" />
      <prop k="offset" v="0" />
      <prop k="offset_map_unit_scale" v="3x:0,0,0,0,0,0" />
      <prop k="offset_unit" v="MM" />
      <prop k="ring_filter" v="0" />
      <prop k="use_custom_dash" v="0" />
      <prop k="width_map_unit_scale" v="3x:0,0,0,0,0,0" />
      <data_defined_properties>
          <Option type="Map">
            <Option name="name" type="QString" value="" />
          <Option name="properties" />
          <Option name="type" type="QString" value="collection" />
          </Option>
        </data_defined_properties>
      </layer>
    <layer class="MarkerLine" enabled="1" locked="0" pass="0">
        <prop k="interval" v="3" />
      <prop k="interval_map_unit_scale" v="3x:0,0,0,0,0,0" />
      <prop k="interval_unit" v="MM" />
      <prop k="offset" v="0" />
      <prop k="offset_along_line" v="0" />
      <prop k="offset_along_line_map_unit_scale" v="3x:0,0,0,0,0,0" />
      <prop k="offset_along_line_unit" v="MM" />
      <prop k="offset_map_unit_scale" v="3x:0,0,0,0,0,0" />
      <prop k="offset_unit" v="MM" />
      <prop k="placement" v="centralpoint" />
      <prop k="ring_filter" v="0" />
      <prop k="rotate" v="1" />
      <data_defined_properties>
          <Option type="Map">
            <Option name="name" type="QString" value="" />
          <Option name="properties" />
          <Option name="type" type="QString" value="collection" />
          </Option>
        </data_defined_properties>
      <symbol alpha="1" clip_to_extent="1" force_rhr="0" name="@fgdc-25.9@1" type="marker">
          <layer class="SimpleMarker" enabled="1" locked="0" pass="0">
            <prop k="angle" v="0" />
          <prop k="color" v="0,0,0,255" />
          <prop k="horizontal_anchor_point" v="1" />
          <prop k="joinstyle" v="bevel" />
          <prop k="name" v="circle" />
          <prop k="offset" v="0,-1.75" />
          <prop k="offset_map_unit_scale" v="3x:0,0,0,0,0,0" />
          <prop k="offset_unit" v="MM" />
          <prop k="outline_color" v="35,35,35,255" />
          <prop k="outline_style" v="solid" />
          <prop k="outline_width" v="0" />
          <prop k="outline_width_map_unit_scale" v="3x:0,0,0,0,0,0" />
          <prop k="outline_width_unit" v="MM" />
          <prop k="scale_method" v="diameter" />
          <prop k="size" v="0.875" />
          <prop k="size_map_unit_scale" v="3x:0,0,0,0,0,0" />
          <prop k="size_unit" v="MM" />
          <prop k="vertical_anchor_point" v="1" />
          <data_defined_properties>
              <Option type="Map">
                <Option name="name" type="QString" value="" />
              <Option name="properties" />
              <Option name="type" type="QString" value="collection" />
              </Option>
            </data_defined_properties>
          </layer>
        <layer class="SimpleMarker" enabled="1" locked="0" pass="0">
            <prop k="angle" v="0" />
          <prop k="color" v="255,0,0,255" />
          <prop k="horizontal_anchor_point" v="1" />
          <prop k="joinstyle" v="bevel" />
          <prop k="name" v="line" />
          <prop k="offset" v="0,0" />
          <prop k="offset_map_unit_scale" v="3x:0,0,0,0,0,0" />
          <prop k="offset_unit" v="MM" />
          <prop k="outline_color" v="35,35,35,255" />
          <prop k="outline_style" v="solid" />
          <prop k="outline_width" v="0.175" />
          <prop k="outline_width_map_unit_scale" v="3x:0,0,0,0,0,0" />
          <prop k="outline_width_unit" v="MM" />
          <prop k="scale_method" v="diameter" />
          <prop k="size" v="1.75" />
          <prop k="size_map_unit_scale" v="3x:0,0,0,0,0,0" />
          <prop k="size_unit" v="MM" />
          <prop k="vertical_anchor_point" v="2" />
          <data_defined_properties>
              <Option type="Map">
                <Option name="name" type="QString" value="" />
              <Option name="properties" />
              <Option name="type" type="QString" value="collection" />
              </Option>
            </data_defined_properties>
          </layer>
        </symbol>
      </layer>
    </symbol>
  <symbol alpha="1" clip_to_extent="1" force_rhr="0" name="25.008: Fault, planetary, sense of offset unspecified - location concealed" tags="fgdc,geology" type="line">
      <layer class="SimpleLine" enabled="1" locked="0" pass="0">
        <prop k="capstyle" v="square" />
      <prop k="customdash" v="0.5;0.75" />
      <prop k="customdash_map_unit_scale" v="3x:0,0,0,0,0,0" />
      <prop k="customdash_unit" v="MM" />
      <prop k="draw_inside_polygon" v="0" />
      <prop k="joinstyle" v="bevel" />
      <prop k="line_color" v="0,0,0,255" />
      <prop k="line_style" v="dash" />
      <prop k="line_width" v="0.375" />
      <prop k="line_width_unit" v="MM" />
      <prop k="offset" v="0" />
      <prop k="offset_map_unit_scale" v="3x:0,0,0,0,0,0" />
      <prop k="offset_unit" v="MM" />
      <prop k="ring_filter" v="0" />
      <prop k="use_custom_dash" v="1" />
      <prop k="width_map_unit_scale" v="3x:0,0,0,0,0,0" />
      <data_defined_properties>
          <Option type="Map">
            <Option name="name" type="QString" value="" />
          <Option name="properties" />
          <Option name="type" type="QString" value="collection" />
          </Option>
        </data_defined_properties>
      </layer>
    </symbol>
  <symbol alpha="1" clip_to_extent="1" force_rhr="0" name="25.034: Concentric fracture, planetary (associated with coronae)" tags="fgdc,geology" type="line">
      <layer class="SimpleLine" enabled="1" locked="0" pass="0">
        <prop k="capstyle" v="square" />
      <prop k="customdash" v="5;2" />
      <prop k="customdash_map_unit_scale" v="3x:0,0,0,0,0,0" />
      <prop k="customdash_unit" v="MM" />
      <prop k="draw_inside_polygon" v="0" />
      <prop k="joinstyle" v="bevel" />
      <prop k="line_color" v="146,40,152,255" />
      <prop k="line_style" v="solid" />
      <prop k="line_width" v="0.325" />
      <prop k="line_width_unit" v="MM" />
      <prop k="offset" v="0" />
      <prop k="offset_map_unit_scale" v="3x:0,0,0,0,0,0" />
      <prop k="offset_unit" v="MM" />
      <prop k="ring_filter" v="0" />
      <prop k="use_custom_dash" v="0" />
      <prop k="width_map_unit_scale" v="3x:0,0,0,0,0,0" />
      <data_defined_properties>
          <Option type="Map">
            <Option name="name" type="QString" value="" />
          <Option name="properties" />
          <Option name="type" type="QString" value="collection" />
          </Option>
        </data_defined_properties>
      </layer>
    </symbol>
  <symbol alpha="1" clip_to_extent="1" favorite="1" force_rhr="0" name="25.084: Elevated plateau, planetary (mapped to scale)&#8212; Hachures point downscarp" tags="fgdc,geology" type="line">
      <layer class="SimpleLine" enabled="1" locked="0" pass="0">
        <prop k="capstyle" v="square" />
      <prop k="customdash" v="5;2" />
      <prop k="customdash_map_unit_scale" v="3x:0,0,0,0,0,0" />
      <prop k="customdash_unit" v="MM" />
      <prop k="draw_inside_polygon" v="0" />
      <prop k="joinstyle" v="bevel" />
      <prop k="line_color" v="35,35,35,255" />
      <prop k="line_style" v="solid" />
      <prop k="line_width" v="0.26" />
      <prop k="line_width_unit" v="MM" />
      <prop k="offset" v="0" />
      <prop k="offset_map_unit_scale" v="3x:0,0,0,0,0,0" />
      <prop k="offset_unit" v="MM" />
      <prop k="ring_filter" v="0" />
      <prop k="use_custom_dash" v="0" />
      <prop k="width_map_unit_scale" v="3x:0,0,0,0,0,0" />
      <data_defined_properties>
          <Option type="Map">
            <Option name="name" type="QString" value="" />
          <Option name="properties" />
          <Option name="type" type="QString" value="collection" />
          </Option>
        </data_defined_properties>
      </layer>
    <layer class="MarkerLine" enabled="1" locked="0" pass="0">
        <prop k="interval" v="3.75" />
      <prop k="interval_map_unit_scale" v="3x:0,0,0,0,0,0" />
      <prop k="interval_unit" v="MM" />
      <prop k="offset" v="0" />
      <prop k="offset_along_line" v="0" />
      <prop k="offset_along_line_map_unit_scale" v="3x:0,0,0,0,0,0" />
      <prop k="offset_along_line_unit" v="MM" />
      <prop k="offset_map_unit_scale" v="3x:0,0,0,0,0,0" />
      <prop k="offset_unit" v="MM" />
      <prop k="placement" v="interval" />
      <prop k="ring_filter" v="0" />
      <prop k="rotate" v="1" />
      <data_defined_properties>
          <Option type="Map">
            <Option name="name" type="QString" value="" />
          <Option name="properties" />
          <Option name="type" type="QString" value="collection" />
          </Option>
        </data_defined_properties>
      <symbol alpha="1" clip_to_extent="1" force_rhr="0" name="@fgdc-25.84@1" type="marker">
          <layer class="SimpleMarker" enabled="1" locked="0" pass="0">
            <prop k="angle" v="0" />
          <prop k="color" v="255,0,0,255" />
          <prop k="horizontal_anchor_point" v="0" />
          <prop k="joinstyle" v="bevel" />
          <prop k="name" v="line" />
          <prop k="offset" v="0,0" />
          <prop k="offset_map_unit_scale" v="3x:0,0,0,0,0,0" />
          <prop k="offset_unit" v="MM" />
          <prop k="outline_color" v="35,35,35,255" />
          <prop k="outline_style" v="solid" />
          <prop k="outline_width" v="0.25" />
          <prop k="outline_width_map_unit_scale" v="3x:0,0,0,0,0,0" />
          <prop k="outline_width_unit" v="MM" />
          <prop k="scale_method" v="diameter" />
          <prop k="size" v="0.625" />
          <prop k="size_map_unit_scale" v="3x:0,0,0,0,0,0" />
          <prop k="size_unit" v="MM" />
          <prop k="vertical_anchor_point" v="2" />
          <data_defined_properties>
              <Option type="Map">
                <Option name="name" type="QString" value="" />
              <Option name="properties" />
              <Option name="type" type="QString" value="collection" />
              </Option>
            </data_defined_properties>
          </layer>
        </symbol>
      </layer>
    </symbol>
  <symbol alpha="1" clip_to_extent="1" force_rhr="0" name="25.126: &#10;Detached lobe, planetary&#8212;Arrow points in direction of interpreted landslide or debris flow" tags="fgdc,geology" type="fill">
      <layer class="SVGFill" enabled="1" locked="0" pass="0">
        <prop k="angle" v="0" />
      <prop k="color" v="0,0,255,255" />
      <prop k="outline_color" v="35,35,35,255" />
      <prop k="outline_width" v="0.26" />
      <prop k="outline_width_map_unit_scale" v="3x:0,0,0,0,0,0" />
      <prop k="outline_width_unit" v="MM" />
      <prop k="pattern_width_map_unit_scale" v="3x:0,0,0,0,0,0" />
      <prop k="pattern_width_unit" v="MM" />
      <prop k="svgFile" v="patterns/fgdc/116-K.svg" />
      <prop k="svg_outline_width_map_unit_scale" v="3x:0,0,0,0,0,0" />
      <prop k="svg_outline_width_unit" v="MM" />
      <prop k="width" v="20" />
      <data_defined_properties>
          <Option type="Map">
            <Option name="name" type="QString" value="" />
          <Option name="properties" />
          <Option name="type" type="QString" value="collection" />
          </Option>
        </data_defined_properties>
      <symbol alpha="1" clip_to_extent="1" force_rhr="0" name="@25.126: &#10;Detached lobe, planetary&#8212;Arrow points in direction of interpreted landslide or debris flow@0" type="line">
          <layer class="SimpleLine" enabled="1" locked="0" pass="0">
            <prop k="capstyle" v="square" />
          <prop k="customdash" v="5;2" />
          <prop k="customdash_map_unit_scale" v="3x:0,0,0,0,0,0" />
          <prop k="customdash_unit" v="MM" />
          <prop k="draw_inside_polygon" v="0" />
          <prop k="joinstyle" v="bevel" />
          <prop k="line_color" v="35,35,35,255" />
          <prop k="line_style" v="solid" />
          <prop k="line_width" v="0.26" />
          <prop k="line_width_unit" v="MM" />
          <prop k="offset" v="0" />
          <prop k="offset_map_unit_scale" v="3x:0,0,0,0,0,0" />
          <prop k="offset_unit" v="MM" />
          <prop k="ring_filter" v="0" />
          <prop k="use_custom_dash" v="0" />
          <prop k="width_map_unit_scale" v="3x:0,0,0,0,0,0" />
          <data_defined_properties>
              <Option type="Map">
                <Option name="name" type="QString" value="" />
              <Option name="properties" />
              <Option name="type" type="QString" value="collection" />
              </Option>
            </data_defined_properties>
          </layer>
        <layer class="MarkerLine" enabled="1" locked="0" pass="0">
            <prop k="interval" v="3" />
          <prop k="interval_map_unit_scale" v="3x:0,0,0,0,0,0" />
          <prop k="interval_unit" v="MM" />
          <prop k="offset" v="0" />
          <prop k="offset_along_line" v="0" />
          <prop k="offset_along_line_map_unit_scale" v="3x:0,0,0,0,0,0" />
          <prop k="offset_along_line_unit" v="MM" />
          <prop k="offset_map_unit_scale" v="3x:0,0,0,0,0,0" />
          <prop k="offset_unit" v="MM" />
          <prop k="placement" v="centralpoint" />
          <prop k="ring_filter" v="0" />
          <prop k="rotate" v="1" />
          <data_defined_properties>
              <Option type="Map">
                <Option name="name" type="QString" value="" />
              <Option name="properties" />
              <Option name="type" type="QString" value="collection" />
              </Option>
            </data_defined_properties>
          <symbol alpha="1" clip_to_extent="1" force_rhr="0" name="@@25.126: &#10;Detached lobe, planetary&#8212;Arrow points in direction of interpreted landslide or debris flow@0@1" type="marker">
              <layer class="SvgMarker" enabled="1" locked="0" pass="0">
                <prop k="angle" v="0" />
              <prop k="color" v="255,0,0,255" />
              <prop k="fixedAspectRatio" v="0" />
              <prop k="horizontal_anchor_point" v="1" />
              <prop k="name" v="symbols/fgdc/fgdc-25.117_arrow.svg" />
              <prop k="offset" v="0,0" />
              <prop k="offset_map_unit_scale" v="3x:0,0,0,0,0,0" />
              <prop k="offset_unit" v="MM" />
              <prop k="outline_color" v="35,35,35,255" />
              <prop k="outline_width" v="0" />
              <prop k="outline_width_map_unit_scale" v="3x:0,0,0,0,0,0" />
              <prop k="outline_width_unit" v="MM" />
              <prop k="scale_method" v="diameter" />
              <prop k="size" v="10" />
              <prop k="size_map_unit_scale" v="3x:0,0,0,0,0,0" />
              <prop k="size_unit" v="MM" />
              <prop k="vertical_anchor_point" v="0" />
              <data_defined_properties>
                  <Option type="Map">
                    <Option name="name" type="QString" value="" />
                  <Option name="properties" />
                  <Option name="type" type="QString" value="collection" />
                  </Option>
                </data_defined_properties>
              </layer>
            </symbol>
          </layer>
        </symbol>
      </layer>
    </symbol>
  <symbol alpha="1" clip_to_extent="1" force_rhr="0" name="25.118: Dark-colored ejecta, planetary" tags="fgdc,geology" type="fill">
      <layer class="SVGFill" enabled="1" locked="0" pass="0">
        <prop k="angle" v="0" />
      <prop k="color" v="0,0,255,255" />
      <prop k="outline_color" v="35,35,35,255" />
      <prop k="outline_width" v="0.26" />
      <prop k="outline_width_map_unit_scale" v="3x:0,0,0,0,0,0" />
      <prop k="outline_width_unit" v="MM" />
      <prop k="pattern_width_map_unit_scale" v="3x:0,0,0,0,0,0" />
      <prop k="pattern_width_unit" v="MM" />
      <prop k="svgFile" v="patterns/fgdc/fgdc-25.118.svg" />
      <prop k="svg_outline_width_map_unit_scale" v="3x:0,0,0,0,0,0" />
      <prop k="svg_outline_width_unit" v="MM" />
      <prop k="width" v="20" />
      <data_defined_properties>
          <Option type="Map">
            <Option name="name" type="QString" value="" />
          <Option name="properties" />
          <Option name="type" type="QString" value="collection" />
          </Option>
        </data_defined_properties>
      <symbol alpha="1" clip_to_extent="1" force_rhr="0" name="@fgdc-25.118@0" type="line">
          <layer class="SimpleLine" enabled="1" locked="0" pass="0">
            <prop k="capstyle" v="square" />
          <prop k="customdash" v="5;2" />
          <prop k="customdash_map_unit_scale" v="3x:0,0,0,0,0,0" />
          <prop k="customdash_unit" v="MM" />
          <prop k="draw_inside_polygon" v="0" />
          <prop k="joinstyle" v="bevel" />
          <prop k="line_color" v="35,35,35,255" />
          <prop k="line_style" v="solid" />
          <prop k="line_width" v="0.26" />
          <prop k="line_width_unit" v="MM" />
          <prop k="offset" v="0" />
          <prop k="offset_map_unit_scale" v="3x:0,0,0,0,0,0" />
          <prop k="offset_unit" v="MM" />
          <prop k="ring_filter" v="0" />
          <prop k="use_custom_dash" v="0" />
          <prop k="width_map_unit_scale" v="3x:0,0,0,0,0,0" />
          <data_defined_properties>
              <Option type="Map">
                <Option name="name" type="QString" value="" />
              <Option name="properties" />
              <Option name="type" type="QString" value="collection" />
              </Option>
            </data_defined_properties>
          </layer>
        </symbol>
      </layer>
    </symbol>
  <symbol alpha="1" clip_to_extent="1" force_rhr="0" name="25.119: Light-colored ejecta, planetary" tags="fgdc,geology" type="fill">
      <layer class="SVGFill" enabled="1" locked="0" pass="0">
        <prop k="angle" v="0" />
      <prop k="color" v="0,0,255,255" />
      <prop k="outline_color" v="35,35,35,255" />
      <prop k="outline_width" v="0.26" />
      <prop k="outline_width_map_unit_scale" v="3x:0,0,0,0,0,0" />
      <prop k="outline_width_unit" v="MM" />
      <prop k="pattern_width_map_unit_scale" v="3x:0,0,0,0,0,0" />
      <prop k="pattern_width_unit" v="MM" />
      <prop k="svgFile" v="patterns/fgdc/fgdc-25.119.svg" />
      <prop k="svg_outline_width_map_unit_scale" v="3x:0,0,0,0,0,0" />
      <prop k="svg_outline_width_unit" v="MM" />
      <prop k="width" v="20" />
      <data_defined_properties>
          <Option type="Map">
            <Option name="name" type="QString" value="" />
          <Option name="properties" />
          <Option name="type" type="QString" value="collection" />
          </Option>
        </data_defined_properties>
      <symbol alpha="1" clip_to_extent="1" force_rhr="0" name="@fgdc-25.119@0" type="line">
          <layer class="SimpleLine" enabled="1" locked="0" pass="0">
            <prop k="capstyle" v="square" />
          <prop k="customdash" v="5;2" />
          <prop k="customdash_map_unit_scale" v="3x:0,0,0,0,0,0" />
          <prop k="customdash_unit" v="MM" />
          <prop k="draw_inside_polygon" v="0" />
          <prop k="joinstyle" v="bevel" />
          <prop k="line_color" v="35,35,35,255" />
          <prop k="line_style" v="solid" />
          <prop k="line_width" v="0.26" />
          <prop k="line_width_unit" v="MM" />
          <prop k="offset" v="0" />
          <prop k="offset_map_unit_scale" v="3x:0,0,0,0,0,0" />
          <prop k="offset_unit" v="MM" />
          <prop k="ring_filter" v="0" />
          <prop k="use_custom_dash" v="0" />
          <prop k="width_map_unit_scale" v="3x:0,0,0,0,0,0" />
          <data_defined_properties>
              <Option type="Map">
                <Option name="name" type="QString" value="" />
              <Option name="properties" />
              <Option name="type" type="QString" value="collection" />
              </Option>
            </data_defined_properties>
          </layer>
        </symbol>
      </layer>
    </symbol>
  <symbol alpha="1" clip_to_extent="1" force_rhr="0" name="30.1.001: NDY" tags="fgdc,geology" type="line">
      <layer class="SimpleLine" enabled="1" locked="0" pass="0">
        <prop k="capstyle" v="square" />
      <prop k="customdash" v="5;2" />
      <prop k="customdash_map_unit_scale" v="3x:0,0,0,0,0,0" />
      <prop k="customdash_unit" v="MM" />
      <prop k="draw_inside_polygon" v="0" />
      <prop k="joinstyle" v="bevel" />
      <prop k="line_color" v="168,74,9,255" />
      <prop k="line_style" v="solid" />
      <prop k="line_width" v="0.25" />
      <prop k="line_width_unit" v="MM" />
      <prop k="offset" v="0" />
      <prop k="offset_map_unit_scale" v="3x:0,0,0,0,0,0" />
      <prop k="offset_unit" v="MM" />
      <prop k="ring_filter" v="0" />
      <prop k="use_custom_dash" v="0" />
      <prop k="width_map_unit_scale" v="3x:0,0,0,0,0,0" />
      <data_defined_properties>
          <Option type="Map">
            <Option name="name" type="QString" value="" />
          <Option name="properties" />
          <Option name="type" type="QString" value="collection" />
          </Option>
        </data_defined_properties>
      </layer>
    </symbol>
  <symbol alpha="1" clip_to_extent="1" force_rhr="0" name="25.058: Narrow channel (possible lava channel), planetary - Arrows point in direction of flow" tags="fgdc,geology" type="line">
      <layer class="MarkerLine" enabled="1" locked="0" pass="0">
        <prop k="interval" v="4" />
      <prop k="interval_map_unit_scale" v="3x:0,0,0,0,0,0" />
      <prop k="interval_unit" v="MM" />
      <prop k="offset" v="0" />
      <prop k="offset_along_line" v="0" />
      <prop k="offset_along_line_map_unit_scale" v="3x:0,0,0,0,0,0" />
      <prop k="offset_along_line_unit" v="MM" />
      <prop k="offset_map_unit_scale" v="3x:0,0,0,0,0,0" />
      <prop k="offset_unit" v="MM" />
      <prop k="placement" v="interval" />
      <prop k="ring_filter" v="0" />
      <prop k="rotate" v="1" />
      <data_defined_properties>
          <Option type="Map">
            <Option name="name" type="QString" value="" />
          <Option name="properties" />
          <Option name="type" type="QString" value="collection" />
          </Option>
        </data_defined_properties>
      <symbol alpha="1" clip_to_extent="1" force_rhr="0" name="@25.058: Narrow channel (possible lava channel), planetary - Arrows point in direction of flow@0" type="marker">
          <layer class="SimpleMarker" enabled="1" locked="0" pass="0">
            <prop k="angle" v="-67.5" />
          <prop k="color" v="255,0,0,255" />
          <prop k="horizontal_anchor_point" v="1" />
          <prop k="joinstyle" v="bevel" />
          <prop k="name" v="line" />
          <prop k="offset" v="0,-1" />
          <prop k="offset_map_unit_scale" v="3x:0,0,0,0,0,0" />
          <prop k="offset_unit" v="MM" />
          <prop k="outline_color" v="35,35,35,255" />
          <prop k="outline_style" v="solid" />
          <prop k="outline_width" v="0" />
          <prop k="outline_width_map_unit_scale" v="3x:0,0,0,0,0,0" />
          <prop k="outline_width_unit" v="MM" />
          <prop k="scale_method" v="diameter" />
          <prop k="size" v="1.875" />
          <prop k="size_map_unit_scale" v="3x:0,0,0,0,0,0" />
          <prop k="size_unit" v="MM" />
          <prop k="vertical_anchor_point" v="1" />
          <data_defined_properties>
              <Option type="Map">
                <Option name="name" type="QString" value="" />
              <Option name="properties" />
              <Option name="type" type="QString" value="collection" />
              </Option>
            </data_defined_properties>
          </layer>
        <layer class="SimpleMarker" enabled="1" locked="0" pass="0">
            <prop k="angle" v="67.5" />
          <prop k="color" v="255,0,0,255" />
          <prop k="horizontal_anchor_point" v="1" />
          <prop k="joinstyle" v="bevel" />
          <prop k="name" v="line" />
          <prop k="offset" v="0,1" />
          <prop k="offset_map_unit_scale" v="3x:0,0,0,0,0,0" />
          <prop k="offset_unit" v="MM" />
          <prop k="outline_color" v="35,35,35,255" />
          <prop k="outline_style" v="solid" />
          <prop k="outline_width" v="0" />
          <prop k="outline_width_map_unit_scale" v="3x:0,0,0,0,0,0" />
          <prop k="outline_width_unit" v="MM" />
          <prop k="scale_method" v="diameter" />
          <prop k="size" v="2" />
          <prop k="size_map_unit_scale" v="3x:0,0,0,0,0,0" />
          <prop k="size_unit" v="MM" />
          <prop k="vertical_anchor_point" v="1" />
          <data_defined_properties>
              <Option type="Map">
                <Option name="name" type="QString" value="" />
              <Option name="properties" />
              <Option name="type" type="QString" value="collection" />
              </Option>
            </data_defined_properties>
          </layer>
        </symbol>
      </layer>
    <layer class="SimpleLine" enabled="1" locked="0" pass="0">
        <prop k="capstyle" v="square" />
      <prop k="customdash" v="5;2" />
      <prop k="customdash_map_unit_scale" v="3x:0,0,0,0,0,0" />
      <prop k="customdash_unit" v="MM" />
      <prop k="draw_inside_polygon" v="0" />
      <prop k="joinstyle" v="bevel" />
      <prop k="line_color" v="35,35,35,255" />
      <prop k="line_style" v="solid" />
      <prop k="line_width" v="0.26" />
      <prop k="line_width_unit" v="MM" />
      <prop k="offset" v="0" />
      <prop k="offset_map_unit_scale" v="3x:0,0,0,0,0,0" />
      <prop k="offset_unit" v="MM" />
      <prop k="ring_filter" v="0" />
      <prop k="use_custom_dash" v="0" />
      <prop k="width_map_unit_scale" v="3x:0,0,0,0,0,0" />
      <data_defined_properties>
          <Option type="Map">
            <Option name="name" type="QString" value="" />
          <Option name="properties" />
          <Option name="type" type="QString" value="collection" />
          </Option>
        </data_defined_properties>
      </layer>
    </symbol>
  <symbol alpha="1" clip_to_extent="1" force_rhr="0" name="30.1.003: NDY" tags="fgdc,geology" type="line">
      <layer class="SimpleLine" enabled="1" locked="0" pass="0">
        <prop k="capstyle" v="square" />
      <prop k="customdash" v="5;2" />
      <prop k="customdash_map_unit_scale" v="3x:0,0,0,0,0,0" />
      <prop k="customdash_unit" v="MM" />
      <prop k="draw_inside_polygon" v="0" />
      <prop k="joinstyle" v="bevel" />
      <prop k="line_color" v="168,74,9,255" />
      <prop k="line_style" v="solid" />
      <prop k="line_width" v="0.15" />
      <prop k="line_width_unit" v="MM" />
      <prop k="offset" v="0" />
      <prop k="offset_map_unit_scale" v="3x:0,0,0,0,0,0" />
      <prop k="offset_unit" v="MM" />
      <prop k="ring_filter" v="0" />
      <prop k="use_custom_dash" v="0" />
      <prop k="width_map_unit_scale" v="3x:0,0,0,0,0,0" />
      <data_defined_properties>
          <Option type="Map">
            <Option name="name" type="QString" value="" />
          <Option name="properties" />
          <Option name="type" type="QString" value="collection" />
          </Option>
        </data_defined_properties>
      </layer>
    </symbol>
  <symbol alpha="1" clip_to_extent="1" force_rhr="0" name="25.074: Base of scarp, planetary&#8212;Barb points downscarp" tags="fgdc,geology" type="line">
      <layer class="MarkerLine" enabled="1" locked="0" pass="0">
        <prop k="interval" v="3" />
      <prop k="interval_map_unit_scale" v="3x:0,0,0,0,0,0" />
      <prop k="interval_unit" v="MM" />
      <prop k="offset" v="0" />
      <prop k="offset_along_line" v="0" />
      <prop k="offset_along_line_map_unit_scale" v="3x:0,0,0,0,0,0" />
      <prop k="offset_along_line_unit" v="MM" />
      <prop k="offset_map_unit_scale" v="3x:0,0,0,0,0,0" />
      <prop k="offset_unit" v="MM" />
      <prop k="placement" v="centralpoint" />
      <prop k="ring_filter" v="0" />
      <prop k="rotate" v="1" />
      <data_defined_properties>
          <Option type="Map">
            <Option name="name" type="QString" value="" />
          <Option name="properties" />
          <Option name="type" type="QString" value="collection" />
          </Option>
        </data_defined_properties>
      <symbol alpha="1" clip_to_extent="1" force_rhr="0" name="@fgdc-25.074@0" type="marker">
          <layer class="SimpleMarker" enabled="1" locked="0" pass="0">
            <prop k="angle" v="180" />
          <prop k="color" v="0,0,0,255" />
          <prop k="horizontal_anchor_point" v="1" />
          <prop k="joinstyle" v="bevel" />
          <prop k="name" v="equilateral_triangle" />
          <prop k="offset" v="0,0" />
          <prop k="offset_map_unit_scale" v="3x:0,0,0,0,0,0" />
          <prop k="offset_unit" v="MM" />
          <prop k="outline_color" v="35,35,35,255" />
          <prop k="outline_style" v="solid" />
          <prop k="outline_width" v="0" />
          <prop k="outline_width_map_unit_scale" v="3x:0,0,0,0,0,0" />
          <prop k="outline_width_unit" v="MM" />
          <prop k="scale_method" v="diameter" />
          <prop k="size" v="1.5" />
          <prop k="size_map_unit_scale" v="3x:0,0,0,0,0,0" />
          <prop k="size_unit" v="MM" />
          <prop k="vertical_anchor_point" v="0" />
          <data_defined_properties>
              <Option type="Map">
                <Option name="name" type="QString" value="" />
              <Option name="properties" />
              <Option name="type" type="QString" value="collection" />
              </Option>
            </data_defined_properties>
          </layer>
        </symbol>
      </layer>
    <layer class="SimpleLine" enabled="1" locked="0" pass="0">
        <prop k="capstyle" v="square" />
      <prop k="customdash" v="5;2" />
      <prop k="customdash_map_unit_scale" v="3x:0,0,0,0,0,0" />
      <prop k="customdash_unit" v="MM" />
      <prop k="draw_inside_polygon" v="0" />
      <prop k="joinstyle" v="bevel" />
      <prop k="line_color" v="35,35,35,255" />
      <prop k="line_style" v="solid" />
      <prop k="line_width" v="0.25" />
      <prop k="line_width_unit" v="MM" />
      <prop k="offset" v="0" />
      <prop k="offset_map_unit_scale" v="3x:0,0,0,0,0,0" />
      <prop k="offset_unit" v="MM" />
      <prop k="ring_filter" v="0" />
      <prop k="use_custom_dash" v="0" />
      <prop k="width_map_unit_scale" v="3x:0,0,0,0,0,0" />
      <data_defined_properties>
          <Option type="Map">
            <Option name="name" type="QString" value="" />
          <Option name="properties" />
          <Option name="type" type="QString" value="collection" />
          </Option>
        </data_defined_properties>
      </layer>
    </symbol>
  <symbol alpha="1" clip_to_extent="1" force_rhr="0" name="25.101: Central peak of impact crater, planetary (1st option)" tags="fgdc,geology" type="marker">
      <layer class="SimpleMarker" enabled="1" locked="0" pass="0">
        <prop k="angle" v="90" />
      <prop k="color" v="255,0,0,255" />
      <prop k="horizontal_anchor_point" v="1" />
      <prop k="joinstyle" v="bevel" />
      <prop k="name" v="line" />
      <prop k="offset" v="0,0" />
      <prop k="offset_map_unit_scale" v="3x:0,0,0,0,0,0" />
      <prop k="offset_unit" v="MM" />
      <prop k="outline_color" v="35,35,35,255" />
      <prop k="outline_style" v="solid" />
      <prop k="outline_width" v="0.2" />
      <prop k="outline_width_map_unit_scale" v="3x:0,0,0,0,0,0" />
      <prop k="outline_width_unit" v="MM" />
      <prop k="scale_method" v="diameter" />
      <prop k="size" v="4.875" />
      <prop k="size_map_unit_scale" v="3x:0,0,0,0,0,0" />
      <prop k="size_unit" v="MM" />
      <prop k="vertical_anchor_point" v="1" />
      <data_defined_properties>
          <Option type="Map">
            <Option name="name" type="QString" value="" />
          <Option name="properties" />
          <Option name="type" type="QString" value="collection" />
          </Option>
        </data_defined_properties>
      </layer>
    <layer class="SimpleMarker" enabled="1" locked="0" pass="0">
        <prop k="angle" v="0" />
      <prop k="color" v="255,0,0,255" />
      <prop k="horizontal_anchor_point" v="1" />
      <prop k="joinstyle" v="bevel" />
      <prop k="name" v="line" />
      <prop k="offset" v="0,0" />
      <prop k="offset_map_unit_scale" v="3x:0,0,0,0,0,0" />
      <prop k="offset_unit" v="MM" />
      <prop k="outline_color" v="35,35,35,255" />
      <prop k="outline_style" v="solid" />
      <prop k="outline_width" v="0.2" />
      <prop k="outline_width_map_unit_scale" v="3x:0,0,0,0,0,0" />
      <prop k="outline_width_unit" v="MM" />
      <prop k="scale_method" v="diameter" />
      <prop k="size" v="5.625" />
      <prop k="size_map_unit_scale" v="3x:0,0,0,0,0,0" />
      <prop k="size_unit" v="MM" />
      <prop k="vertical_anchor_point" v="1" />
      <data_defined_properties>
          <Option type="Map">
            <Option name="name" type="QString" value="" />
          <Option name="properties" />
          <Option name="type" type="QString" value="collection" />
          </Option>
        </data_defined_properties>
      </layer>
    <layer class="EllipseMarker" enabled="1" locked="0" pass="0">
        <prop k="angle" v="0" />
      <prop k="color" v="255,255,255,255" />
      <prop k="horizontal_anchor_point" v="1" />
      <prop k="joinstyle" v="bevel" />
      <prop k="offset" v="0,0" />
      <prop k="offset_map_unit_scale" v="3x:0,0,0,0,0,0" />
      <prop k="offset_unit" v="MM" />
      <prop k="outline_color" v="35,35,35,255" />
      <prop k="outline_style" v="solid" />
      <prop k="outline_width" v="0.2" />
      <prop k="outline_width_map_unit_scale" v="3x:0,0,0,0,0,0" />
      <prop k="outline_width_unit" v="MM" />
      <prop k="size" v="2.625" />
      <prop k="size_map_unit_scale" v="3x:0,0,0,0,0,0" />
      <prop k="size_unit" v="MM" />
      <prop k="symbol_height" v="2.625" />
      <prop k="symbol_height_map_unit_scale" v="3x:0,0,0,0,0,0" />
      <prop k="symbol_height_unit" v="MM" />
      <prop k="symbol_name" v="circle" />
      <prop k="symbol_width" v="1.875" />
      <prop k="symbol_width_map_unit_scale" v="3x:0,0,0,0,0,0" />
      <prop k="symbol_width_unit" v="MM" />
      <prop k="vertical_anchor_point" v="1" />
      <data_defined_properties>
          <Option type="Map">
            <Option name="name" type="QString" value="" />
          <Option name="properties" />
          <Option name="type" type="QString" value="collection" />
          </Option>
        </data_defined_properties>
      </layer>
    </symbol>
  <symbol alpha="1" clip_to_extent="1" force_rhr="0" name="25.117: Slide or slump material, planetary&#8212;Arrow indicates direction of movement" tags="fgdc,geology" type="line">
      <layer class="MarkerLine" enabled="1" locked="0" pass="0">
        <prop k="interval" v="3" />
      <prop k="interval_map_unit_scale" v="3x:0,0,0,0,0,0" />
      <prop k="interval_unit" v="MM" />
      <prop k="offset" v="0" />
      <prop k="offset_along_line" v="0" />
      <prop k="offset_along_line_map_unit_scale" v="3x:0,0,0,0,0,0" />
      <prop k="offset_along_line_unit" v="MM" />
      <prop k="offset_map_unit_scale" v="3x:0,0,0,0,0,0" />
      <prop k="offset_unit" v="MM" />
      <prop k="placement" v="centralpoint" />
      <prop k="ring_filter" v="0" />
      <prop k="rotate" v="1" />
      <data_defined_properties>
          <Option type="Map">
            <Option name="name" type="QString" value="" />
          <Option name="properties" />
          <Option name="type" type="QString" value="collection" />
          </Option>
        </data_defined_properties>
      <symbol alpha="1" clip_to_extent="1" force_rhr="0" name="@fgdc-25.117@0" type="marker">
          <layer class="SvgMarker" enabled="1" locked="0" pass="0">
            <prop k="angle" v="0" />
          <prop k="color" v="255,0,0,255" />
          <prop k="fixedAspectRatio" v="0" />
          <prop k="horizontal_anchor_point" v="1" />
          <prop k="name" v="symbols/fgdc/fgdc-25.117_arrow.svg" />
          <prop k="offset" v="0,0" />
          <prop k="offset_map_unit_scale" v="3x:0,0,0,0,0,0" />
          <prop k="offset_unit" v="MM" />
          <prop k="outline_color" v="35,35,35,255" />
          <prop k="outline_width" v="0" />
          <prop k="outline_width_map_unit_scale" v="3x:0,0,0,0,0,0" />
          <prop k="outline_width_unit" v="MM" />
          <prop k="scale_method" v="diameter" />
          <prop k="size" v="8" />
          <prop k="size_map_unit_scale" v="3x:0,0,0,0,0,0" />
          <prop k="size_unit" v="MM" />
          <prop k="vertical_anchor_point" v="0" />
          <data_defined_properties>
              <Option type="Map">
                <Option name="name" type="QString" value="" />
              <Option name="properties" />
              <Option name="type" type="QString" value="collection" />
              </Option>
            </data_defined_properties>
          </layer>
        </symbol>
      </layer>
    <layer class="SimpleLine" enabled="1" locked="0" pass="0">
        <prop k="capstyle" v="square" />
      <prop k="customdash" v="5;2" />
      <prop k="customdash_map_unit_scale" v="3x:0,0,0,0,0,0" />
      <prop k="customdash_unit" v="MM" />
      <prop k="draw_inside_polygon" v="0" />
      <prop k="joinstyle" v="bevel" />
      <prop k="line_color" v="35,35,35,255" />
      <prop k="line_style" v="solid" />
      <prop k="line_width" v="0.26" />
      <prop k="line_width_unit" v="MM" />
      <prop k="offset" v="0" />
      <prop k="offset_map_unit_scale" v="3x:0,0,0,0,0,0" />
      <prop k="offset_unit" v="MM" />
      <prop k="ring_filter" v="0" />
      <prop k="use_custom_dash" v="0" />
      <prop k="width_map_unit_scale" v="3x:0,0,0,0,0,0" />
      <data_defined_properties>
          <Option type="Map">
            <Option name="name" type="QString" value="" />
          <Option name="properties" />
          <Option name="type" type="QString" value="collection" />
          </Option>
        </data_defined_properties>
      </layer>
    </symbol>
  <symbol alpha="1" clip_to_extent="1" force_rhr="0" name="25.102: Central peak of impact crater, planetary (2nd option)" tags="fgdc,geology" type="marker">
      <layer class="SimpleMarker" enabled="1" locked="0" pass="0">
        <prop k="angle" v="0" />
      <prop k="color" v="114,155,111,255" />
      <prop k="horizontal_anchor_point" v="1" />
      <prop k="joinstyle" v="bevel" />
      <prop k="name" v="cross" />
      <prop k="offset" v="0,0" />
      <prop k="offset_map_unit_scale" v="3x:0,0,0,0,0,0" />
      <prop k="offset_unit" v="MM" />
      <prop k="outline_color" v="35,35,35,255" />
      <prop k="outline_style" v="solid" />
      <prop k="outline_width" v="0.2" />
      <prop k="outline_width_map_unit_scale" v="3x:0,0,0,0,0,0" />
      <prop k="outline_width_unit" v="MM" />
      <prop k="scale_method" v="diameter" />
      <prop k="size" v="2.375" />
      <prop k="size_map_unit_scale" v="3x:0,0,0,0,0,0" />
      <prop k="size_unit" v="MM" />
      <prop k="vertical_anchor_point" v="1" />
      <data_defined_properties>
          <Option type="Map">
            <Option name="name" type="QString" value="" />
          <Option name="properties" />
          <Option name="type" type="QString" value="collection" />
          </Option>
        </data_defined_properties>
      </layer>
    </symbol>
  <symbol alpha="1" clip_to_extent="1" force_rhr="0" name="25.005: Fault, planetary, sense of offset unspecified - Location accurate" tags="fgdc,geology" type="line">
      <layer class="SimpleLine" enabled="1" locked="0" pass="0">
        <prop k="capstyle" v="square" />
      <prop k="customdash" v="5;2" />
      <prop k="customdash_map_unit_scale" v="3x:0,0,0,0,0,0" />
      <prop k="customdash_unit" v="MM" />
      <prop k="draw_inside_polygon" v="0" />
      <prop k="joinstyle" v="bevel" />
      <prop k="line_color" v="0,0,0,255" />
      <prop k="line_style" v="solid" />
      <prop k="line_width" v="0.375" />
      <prop k="line_width_unit" v="MM" />
      <prop k="offset" v="0" />
      <prop k="offset_map_unit_scale" v="3x:0,0,0,0,0,0" />
      <prop k="offset_unit" v="MM" />
      <prop k="ring_filter" v="0" />
      <prop k="use_custom_dash" v="0" />
      <prop k="width_map_unit_scale" v="3x:0,0,0,0,0,0" />
      <data_defined_properties>
          <Option type="Map">
            <Option name="name" type="QString" value="" />
          <Option name="properties" />
          <Option name="type" type="QString" value="collection" />
          </Option>
        </data_defined_properties>
      </layer>
    </symbol>
  <symbol alpha="1" clip_to_extent="1" favorite="1" force_rhr="0" name="25.011: Normal fault, planetary&#8212;Location inferred. Ball and bar on downthrown block" tags="fgdc,geology" type="line">
      <layer class="SimpleLine" enabled="1" locked="0" pass="0">
        <prop k="capstyle" v="square" />
      <prop k="customdash" v="1.5;0.75" />
      <prop k="customdash_map_unit_scale" v="3x:0,0,0,0,0,0" />
      <prop k="customdash_unit" v="MM" />
      <prop k="draw_inside_polygon" v="0" />
      <prop k="joinstyle" v="bevel" />
      <prop k="line_color" v="35,35,35,255" />
      <prop k="line_style" v="solid" />
      <prop k="line_width" v="0.375" />
      <prop k="line_width_unit" v="MM" />
      <prop k="offset" v="0" />
      <prop k="offset_map_unit_scale" v="3x:0,0,0,0,0,0" />
      <prop k="offset_unit" v="MM" />
      <prop k="ring_filter" v="0" />
      <prop k="use_custom_dash" v="1" />
      <prop k="width_map_unit_scale" v="3x:0,0,0,0,0,0" />
      <data_defined_properties>
          <Option type="Map">
            <Option name="name" type="QString" value="" />
          <Option name="properties" />
          <Option name="type" type="QString" value="collection" />
          </Option>
        </data_defined_properties>
      </layer>
    <layer class="MarkerLine" enabled="1" locked="0" pass="0">
        <prop k="interval" v="3" />
      <prop k="interval_map_unit_scale" v="3x:0,0,0,0,0,0" />
      <prop k="interval_unit" v="MM" />
      <prop k="offset" v="0" />
      <prop k="offset_along_line" v="0" />
      <prop k="offset_along_line_map_unit_scale" v="3x:0,0,0,0,0,0" />
      <prop k="offset_along_line_unit" v="MM" />
      <prop k="offset_map_unit_scale" v="3x:0,0,0,0,0,0" />
      <prop k="offset_unit" v="MM" />
      <prop k="placement" v="centralpoint" />
      <prop k="ring_filter" v="0" />
      <prop k="rotate" v="1" />
      <data_defined_properties>
          <Option type="Map">
            <Option name="name" type="QString" value="" />
          <Option name="properties" />
          <Option name="type" type="QString" value="collection" />
          </Option>
        </data_defined_properties>
      <symbol alpha="1" clip_to_extent="1" force_rhr="0" name="@fgdc-25.11@1" type="marker">
          <layer class="SimpleMarker" enabled="1" locked="0" pass="0">
            <prop k="angle" v="0" />
          <prop k="color" v="0,0,0,255" />
          <prop k="horizontal_anchor_point" v="1" />
          <prop k="joinstyle" v="bevel" />
          <prop k="name" v="circle" />
          <prop k="offset" v="0,-1.75" />
          <prop k="offset_map_unit_scale" v="3x:0,0,0,0,0,0" />
          <prop k="offset_unit" v="MM" />
          <prop k="outline_color" v="35,35,35,255" />
          <prop k="outline_style" v="solid" />
          <prop k="outline_width" v="0" />
          <prop k="outline_width_map_unit_scale" v="3x:0,0,0,0,0,0" />
          <prop k="outline_width_unit" v="MM" />
          <prop k="scale_method" v="diameter" />
          <prop k="size" v="0.875" />
          <prop k="size_map_unit_scale" v="3x:0,0,0,0,0,0" />
          <prop k="size_unit" v="MM" />
          <prop k="vertical_anchor_point" v="1" />
          <data_defined_properties>
              <Option type="Map">
                <Option name="name" type="QString" value="" />
              <Option name="properties" />
              <Option name="type" type="QString" value="collection" />
              </Option>
            </data_defined_properties>
          </layer>
        <layer class="SimpleMarker" enabled="1" locked="0" pass="0">
            <prop k="angle" v="0" />
          <prop k="color" v="255,0,0,255" />
          <prop k="horizontal_anchor_point" v="1" />
          <prop k="joinstyle" v="bevel" />
          <prop k="name" v="line" />
          <prop k="offset" v="0,0" />
          <prop k="offset_map_unit_scale" v="3x:0,0,0,0,0,0" />
          <prop k="offset_unit" v="MM" />
          <prop k="outline_color" v="35,35,35,255" />
          <prop k="outline_style" v="solid" />
          <prop k="outline_width" v="0.175" />
          <prop k="outline_width_map_unit_scale" v="3x:0,0,0,0,0,0" />
          <prop k="outline_width_unit" v="MM" />
          <prop k="scale_method" v="diameter" />
          <prop k="size" v="1.75" />
          <prop k="size_map_unit_scale" v="3x:0,0,0,0,0,0" />
          <prop k="size_unit" v="MM" />
          <prop k="vertical_anchor_point" v="2" />
          <data_defined_properties>
              <Option type="Map">
                <Option name="name" type="QString" value="" />
              <Option name="properties" />
              <Option name="type" type="QString" value="collection" />
              </Option>
            </data_defined_properties>
          </layer>
        </symbol>
      </layer>
    </symbol>
  <symbol alpha="1" clip_to_extent="1" favorite="1" force_rhr="0" name="25.010: Normal fault, planetary&#8212;Location approximate. Ball and bar on downthrown block" tags="fgdc,geology" type="line">
      <layer class="SimpleLine" enabled="1" locked="0" pass="0">
        <prop k="capstyle" v="square" />
      <prop k="customdash" v="3.5;0.75" />
      <prop k="customdash_map_unit_scale" v="3x:0,0,0,0,0,0" />
      <prop k="customdash_unit" v="MM" />
      <prop k="draw_inside_polygon" v="0" />
      <prop k="joinstyle" v="bevel" />
      <prop k="line_color" v="35,35,35,255" />
      <prop k="line_style" v="solid" />
      <prop k="line_width" v="0.375" />
      <prop k="line_width_unit" v="MM" />
      <prop k="offset" v="0" />
      <prop k="offset_map_unit_scale" v="3x:0,0,0,0,0,0" />
      <prop k="offset_unit" v="MM" />
      <prop k="ring_filter" v="0" />
      <prop k="use_custom_dash" v="1" />
      <prop k="width_map_unit_scale" v="3x:0,0,0,0,0,0" />
      <data_defined_properties>
          <Option type="Map">
            <Option name="name" type="QString" value="" />
          <Option name="properties" />
          <Option name="type" type="QString" value="collection" />
          </Option>
        </data_defined_properties>
      </layer>
    <layer class="MarkerLine" enabled="1" locked="0" pass="0">
        <prop k="interval" v="3" />
      <prop k="interval_map_unit_scale" v="3x:0,0,0,0,0,0" />
      <prop k="interval_unit" v="MM" />
      <prop k="offset" v="0" />
      <prop k="offset_along_line" v="0" />
      <prop k="offset_along_line_map_unit_scale" v="3x:0,0,0,0,0,0" />
      <prop k="offset_along_line_unit" v="MM" />
      <prop k="offset_map_unit_scale" v="3x:0,0,0,0,0,0" />
      <prop k="offset_unit" v="MM" />
      <prop k="placement" v="centralpoint" />
      <prop k="ring_filter" v="0" />
      <prop k="rotate" v="1" />
      <data_defined_properties>
          <Option type="Map">
            <Option name="name" type="QString" value="" />
          <Option name="properties" />
          <Option name="type" type="QString" value="collection" />
          </Option>
        </data_defined_properties>
      <symbol alpha="1" clip_to_extent="1" force_rhr="0" name="@fgdc-25.10@1" type="marker">
          <layer class="SimpleMarker" enabled="1" locked="0" pass="0">
            <prop k="angle" v="0" />
          <prop k="color" v="0,0,0,255" />
          <prop k="horizontal_anchor_point" v="1" />
          <prop k="joinstyle" v="bevel" />
          <prop k="name" v="circle" />
          <prop k="offset" v="0,-1.75" />
          <prop k="offset_map_unit_scale" v="3x:0,0,0,0,0,0" />
          <prop k="offset_unit" v="MM" />
          <prop k="outline_color" v="35,35,35,255" />
          <prop k="outline_style" v="solid" />
          <prop k="outline_width" v="0" />
          <prop k="outline_width_map_unit_scale" v="3x:0,0,0,0,0,0" />
          <prop k="outline_width_unit" v="MM" />
          <prop k="scale_method" v="diameter" />
          <prop k="size" v="0.875" />
          <prop k="size_map_unit_scale" v="3x:0,0,0,0,0,0" />
          <prop k="size_unit" v="MM" />
          <prop k="vertical_anchor_point" v="1" />
          <data_defined_properties>
              <Option type="Map">
                <Option name="name" type="QString" value="" />
              <Option name="properties" />
              <Option name="type" type="QString" value="collection" />
              </Option>
            </data_defined_properties>
          </layer>
        <layer class="SimpleMarker" enabled="1" locked="0" pass="0">
            <prop k="angle" v="0" />
          <prop k="color" v="255,0,0,255" />
          <prop k="horizontal_anchor_point" v="1" />
          <prop k="joinstyle" v="bevel" />
          <prop k="name" v="line" />
          <prop k="offset" v="0,0" />
          <prop k="offset_map_unit_scale" v="3x:0,0,0,0,0,0" />
          <prop k="offset_unit" v="MM" />
          <prop k="outline_color" v="35,35,35,255" />
          <prop k="outline_style" v="solid" />
          <prop k="outline_width" v="0.175" />
          <prop k="outline_width_map_unit_scale" v="3x:0,0,0,0,0,0" />
          <prop k="outline_width_unit" v="MM" />
          <prop k="scale_method" v="diameter" />
          <prop k="size" v="1.75" />
          <prop k="size_map_unit_scale" v="3x:0,0,0,0,0,0" />
          <prop k="size_unit" v="MM" />
          <prop k="vertical_anchor_point" v="2" />
          <data_defined_properties>
              <Option type="Map">
                <Option name="name" type="QString" value="" />
              <Option name="properties" />
              <Option name="type" type="QString" value="collection" />
              </Option>
            </data_defined_properties>
          </layer>
        </symbol>
      </layer>
    </symbol>
  <symbol alpha="1" clip_to_extent="1" force_rhr="0" name="25.004: Contact, planetary - Location concealed" tags="fgdc,geology" type="line">
      <layer class="SimpleLine" enabled="1" locked="0" pass="0">
        <prop k="capstyle" v="square" />
      <prop k="customdash" v="0.5;0.75" />
      <prop k="customdash_map_unit_scale" v="3x:0,0,0,0,0,0" />
      <prop k="customdash_unit" v="MM" />
      <prop k="draw_inside_polygon" v="0" />
      <prop k="joinstyle" v="bevel" />
      <prop k="line_color" v="0,0,0,255" />
      <prop k="line_style" v="dash" />
      <prop k="line_width" v="0.15" />
      <prop k="line_width_unit" v="MM" />
      <prop k="offset" v="0" />
      <prop k="offset_map_unit_scale" v="3x:0,0,0,0,0,0" />
      <prop k="offset_unit" v="MM" />
      <prop k="ring_filter" v="0" />
      <prop k="use_custom_dash" v="1" />
      <prop k="width_map_unit_scale" v="3x:0,0,0,0,0,0" />
      <data_defined_properties>
          <Option type="Map">
            <Option name="name" type="QString" value="" />
          <Option name="properties" />
          <Option name="type" type="QString" value="collection" />
          </Option>
        </data_defined_properties>
      </layer>
    </symbol>
  <symbol alpha="1" clip_to_extent="1" favorite="1" force_rhr="0" name="25.012: Normal fault, planetary&#8212;Location concealed. Ball and bar on downthrown block" tags="fgdc,geology" type="line">
      <layer class="SimpleLine" enabled="1" locked="0" pass="0">
        <prop k="capstyle" v="square" />
      <prop k="customdash" v="0.5;0.75" />
      <prop k="customdash_map_unit_scale" v="3x:0,0,0,0,0,0" />
      <prop k="customdash_unit" v="MM" />
      <prop k="draw_inside_polygon" v="0" />
      <prop k="joinstyle" v="bevel" />
      <prop k="line_color" v="35,35,35,255" />
      <prop k="line_style" v="solid" />
      <prop k="line_width" v="0.375" />
      <prop k="line_width_unit" v="MM" />
      <prop k="offset" v="0" />
      <prop k="offset_map_unit_scale" v="3x:0,0,0,0,0,0" />
      <prop k="offset_unit" v="MM" />
      <prop k="ring_filter" v="0" />
      <prop k="use_custom_dash" v="1" />
      <prop k="width_map_unit_scale" v="3x:0,0,0,0,0,0" />
      <data_defined_properties>
          <Option type="Map">
            <Option name="name" type="QString" value="" />
          <Option name="properties" />
          <Option name="type" type="QString" value="collection" />
          </Option>
        </data_defined_properties>
      </layer>
    <layer class="MarkerLine" enabled="1" locked="0" pass="0">
        <prop k="interval" v="3" />
      <prop k="interval_map_unit_scale" v="3x:0,0,0,0,0,0" />
      <prop k="interval_unit" v="MM" />
      <prop k="offset" v="0" />
      <prop k="offset_along_line" v="0" />
      <prop k="offset_along_line_map_unit_scale" v="3x:0,0,0,0,0,0" />
      <prop k="offset_along_line_unit" v="MM" />
      <prop k="offset_map_unit_scale" v="3x:0,0,0,0,0,0" />
      <prop k="offset_unit" v="MM" />
      <prop k="placement" v="centralpoint" />
      <prop k="ring_filter" v="0" />
      <prop k="rotate" v="1" />
      <data_defined_properties>
          <Option type="Map">
            <Option name="name" type="QString" value="" />
          <Option name="properties" />
          <Option name="type" type="QString" value="collection" />
          </Option>
        </data_defined_properties>
      <symbol alpha="1" clip_to_extent="1" force_rhr="0" name="@fgdc-25.12@1" type="marker">
          <layer class="SimpleMarker" enabled="1" locked="0" pass="0">
            <prop k="angle" v="0" />
          <prop k="color" v="0,0,0,255" />
          <prop k="horizontal_anchor_point" v="1" />
          <prop k="joinstyle" v="bevel" />
          <prop k="name" v="circle" />
          <prop k="offset" v="0,-1.75" />
          <prop k="offset_map_unit_scale" v="3x:0,0,0,0,0,0" />
          <prop k="offset_unit" v="MM" />
          <prop k="outline_color" v="35,35,35,255" />
          <prop k="outline_style" v="solid" />
          <prop k="outline_width" v="0" />
          <prop k="outline_width_map_unit_scale" v="3x:0,0,0,0,0,0" />
          <prop k="outline_width_unit" v="MM" />
          <prop k="scale_method" v="diameter" />
          <prop k="size" v="0.875" />
          <prop k="size_map_unit_scale" v="3x:0,0,0,0,0,0" />
          <prop k="size_unit" v="MM" />
          <prop k="vertical_anchor_point" v="1" />
          <data_defined_properties>
              <Option type="Map">
                <Option name="name" type="QString" value="" />
              <Option name="properties" />
              <Option name="type" type="QString" value="collection" />
              </Option>
            </data_defined_properties>
          </layer>
        <layer class="SimpleMarker" enabled="1" locked="0" pass="0">
            <prop k="angle" v="0" />
          <prop k="color" v="255,0,0,255" />
          <prop k="horizontal_anchor_point" v="1" />
          <prop k="joinstyle" v="bevel" />
          <prop k="name" v="line" />
          <prop k="offset" v="0,0" />
          <prop k="offset_map_unit_scale" v="3x:0,0,0,0,0,0" />
          <prop k="offset_unit" v="MM" />
          <prop k="outline_color" v="35,35,35,255" />
          <prop k="outline_style" v="solid" />
          <prop k="outline_width" v="0.175" />
          <prop k="outline_width_map_unit_scale" v="3x:0,0,0,0,0,0" />
          <prop k="outline_width_unit" v="MM" />
          <prop k="scale_method" v="diameter" />
          <prop k="size" v="1.75" />
          <prop k="size_map_unit_scale" v="3x:0,0,0,0,0,0" />
          <prop k="size_unit" v="MM" />
          <prop k="vertical_anchor_point" v="2" />
          <data_defined_properties>
              <Option type="Map">
                <Option name="name" type="QString" value="" />
              <Option name="properties" />
              <Option name="type" type="QString" value="collection" />
              </Option>
            </data_defined_properties>
          </layer>
        </symbol>
      </layer>
    </symbol>
  <symbol alpha="1" clip_to_extent="1" force_rhr="0" name="25.006: Fault, planetary, sense of offset unspecified - Location approximate" tags="fgdc,geology" type="line">
      <layer class="SimpleLine" enabled="1" locked="0" pass="0">
        <prop k="capstyle" v="square" />
      <prop k="customdash" v="3.5;0.75" />
      <prop k="customdash_map_unit_scale" v="3x:0,0,0,0,0,0" />
      <prop k="customdash_unit" v="MM" />
      <prop k="draw_inside_polygon" v="0" />
      <prop k="joinstyle" v="bevel" />
      <prop k="line_color" v="0,0,0,255" />
      <prop k="line_style" v="dash" />
      <prop k="line_width" v="0.375" />
      <prop k="line_width_unit" v="MM" />
      <prop k="offset" v="0" />
      <prop k="offset_map_unit_scale" v="3x:0,0,0,0,0,0" />
      <prop k="offset_unit" v="MM" />
      <prop k="ring_filter" v="0" />
      <prop k="use_custom_dash" v="1" />
      <prop k="width_map_unit_scale" v="3x:0,0,0,0,0,0" />
      <data_defined_properties>
          <Option type="Map">
            <Option name="name" type="QString" value="" />
          <Option name="properties" />
          <Option name="type" type="QString" value="collection" />
          </Option>
        </data_defined_properties>
      </layer>
    </symbol>
  <symbol alpha="1" clip_to_extent="1" force_rhr="0" name="25.007: Fault, planetary, sense of offset unspecified - Location inferred" tags="fgdc,geology" type="line">
      <layer class="SimpleLine" enabled="1" locked="0" pass="0">
        <prop k="capstyle" v="square" />
      <prop k="customdash" v="1.5;0.75" />
      <prop k="customdash_map_unit_scale" v="3x:0,0,0,0,0,0" />
      <prop k="customdash_unit" v="MM" />
      <prop k="draw_inside_polygon" v="0" />
      <prop k="joinstyle" v="bevel" />
      <prop k="line_color" v="0,0,0,255" />
      <prop k="line_style" v="dash" />
      <prop k="line_width" v="0.375" />
      <prop k="line_width_unit" v="MM" />
      <prop k="offset" v="0" />
      <prop k="offset_map_unit_scale" v="3x:0,0,0,0,0,0" />
      <prop k="offset_unit" v="MM" />
      <prop k="ring_filter" v="0" />
      <prop k="use_custom_dash" v="1" />
      <prop k="width_map_unit_scale" v="3x:0,0,0,0,0,0" />
      <data_defined_properties>
          <Option type="Map">
            <Option name="name" type="QString" value="" />
          <Option name="properties" />
          <Option name="type" type="QString" value="collection" />
          </Option>
        </data_defined_properties>
      </layer>
    </symbol>
  <symbol alpha="1" clip_to_extent="1" force_rhr="0" name="25.003: Contact, planetary - Location inferred" tags="fgdc,geology" type="line">
      <layer class="SimpleLine" enabled="1" locked="0" pass="0">
        <prop k="capstyle" v="square" />
      <prop k="customdash" v="1.5;0.75" />
      <prop k="customdash_map_unit_scale" v="3x:0,0,0,0,0,0" />
      <prop k="customdash_unit" v="MM" />
      <prop k="draw_inside_polygon" v="0" />
      <prop k="joinstyle" v="bevel" />
      <prop k="line_color" v="0,0,0,255" />
      <prop k="line_style" v="dash" />
      <prop k="line_width" v="0.15" />
      <prop k="line_width_unit" v="MM" />
      <prop k="offset" v="0" />
      <prop k="offset_map_unit_scale" v="3x:0,0,0,0,0,0" />
      <prop k="offset_unit" v="MM" />
      <prop k="ring_filter" v="0" />
      <prop k="use_custom_dash" v="1" />
      <prop k="width_map_unit_scale" v="3x:0,0,0,0,0,0" />
      <data_defined_properties>
          <Option type="Map">
            <Option name="name" type="QString" value="" />
          <Option name="properties" />
          <Option name="type" type="QString" value="collection" />
          </Option>
        </data_defined_properties>
      </layer>
    </symbol>
  <symbol alpha="1" clip_to_extent="1" force_rhr="0" name="25.002: Contact, planetary - Location approximate" tags="fgdc,geology" type="line">
      <layer class="SimpleLine" enabled="1" locked="0" pass="0">
        <prop k="capstyle" v="square" />
      <prop k="customdash" v="3.5;0.75" />
      <prop k="customdash_map_unit_scale" v="3x:0,0,0,0,0,0" />
      <prop k="customdash_unit" v="MM" />
      <prop k="draw_inside_polygon" v="0" />
      <prop k="joinstyle" v="bevel" />
      <prop k="line_color" v="0,0,0,255" />
      <prop k="line_style" v="dash" />
      <prop k="line_width" v="0.15" />
      <prop k="line_width_unit" v="MM" />
      <prop k="offset" v="0" />
      <prop k="offset_map_unit_scale" v="3x:0,0,0,0,0,0" />
      <prop k="offset_unit" v="MM" />
      <prop k="ring_filter" v="0" />
      <prop k="use_custom_dash" v="1" />
      <prop k="width_map_unit_scale" v="3x:0,0,0,0,0,0" />
      <data_defined_properties>
          <Option type="Map">
            <Option name="name" type="QString" value="" />
          <Option name="properties" />
          <Option name="type" type="QString" value="collection" />
          </Option>
        </data_defined_properties>
      </layer>
    </symbol>
  <symbol alpha="1" clip_to_extent="1" force_rhr="0" name="25.001: Contact, planetary - Location accurate" tags="fgdc,geology" type="line">
      <layer class="SimpleLine" enabled="1" locked="0" pass="0">
        <prop k="capstyle" v="square" />
      <prop k="customdash" v="5;2" />
      <prop k="customdash_map_unit_scale" v="3x:0,0,0,0,0,0" />
      <prop k="customdash_unit" v="MM" />
      <prop k="draw_inside_polygon" v="0" />
      <prop k="joinstyle" v="bevel" />
      <prop k="line_color" v="0,0,0,255" />
      <prop k="line_style" v="solid" />
      <prop k="line_width" v="0.15" />
      <prop k="line_width_unit" v="MM" />
      <prop k="offset" v="0" />
      <prop k="offset_map_unit_scale" v="3x:0,0,0,0,0,0" />
      <prop k="offset_unit" v="MM" />
      <prop k="ring_filter" v="0" />
      <prop k="use_custom_dash" v="0" />
      <prop k="width_map_unit_scale" v="3x:0,0,0,0,0,0" />
      <data_defined_properties>
          <Option type="Map">
            <Option name="name" type="QString" value="" />
          <Option name="properties" />
          <Option name="type" type="QString" value="collection" />
          </Option>
        </data_defined_properties>
      </layer>
    </symbol>
  <symbol alpha="1" clip_to_extent="1" force_rhr="0" name="31.021: NDY" tags="fgdc,geology" type="marker">
      <layer class="SimpleMarker" enabled="1" locked="0" pass="0">
        <prop k="angle" v="0" />
      <prop k="color" v="0,0,0,255" />
      <prop k="horizontal_anchor_point" v="1" />
      <prop k="joinstyle" v="bevel" />
      <prop k="name" v="circle" />
      <prop k="offset" v="0,0" />
      <prop k="offset_map_unit_scale" v="3x:0,0,0,0,0,0" />
      <prop k="offset_unit" v="MM" />
      <prop k="outline_color" v="0,0,0,255" />
      <prop k="outline_style" v="solid" />
      <prop k="outline_width" v="0.4" />
      <prop k="outline_width_map_unit_scale" v="3x:0,0,0,0,0,0" />
      <prop k="outline_width_unit" v="MM" />
      <prop k="scale_method" v="diameter" />
      <prop k="size" v="1.25" />
      <prop k="size_map_unit_scale" v="3x:0,0,0,0,0,0" />
      <prop k="size_unit" v="MM" />
      <prop k="vertical_anchor_point" v="1" />
      <data_defined_properties>
          <Option type="Map">
            <Option name="name" type="QString" value="" />
          <Option name="properties" />
          <Option name="type" type="QString" value="collection" />
          </Option>
        </data_defined_properties>
      </layer>
    </symbol>
  </symbols>
<colorramps>
    <colorramp favorite="1" name="Parula: a topographic map gradient" tags="colorramps,geology" type="preset">
      <prop k="preset_color_0" v="53,42,135,255" />
    <prop k="preset_color_1" v="53,44,138,255" />
    <prop k="preset_color_10" v="54,57,166,255" />
    <prop k="preset_color_100" v="6,169,195,255" />
    <prop k="preset_color_101" v="7,169,194,255" />
    <prop k="preset_color_102" v="7,170,193,255" />
    <prop k="preset_color_103" v="8,171,192,255" />
    <prop k="preset_color_104" v="9,171,191,255" />
    <prop k="preset_color_105" v="10,172,190,255" />
    <prop k="preset_color_106" v="11,172,189,255" />
    <prop k="preset_color_107" v="12,173,188,255" />
    <prop k="preset_color_108" v="13,174,186,255" />
    <prop k="preset_color_109" v="15,174,185,255" />
    <prop k="preset_color_11" v="54,59,169,255" />
    <prop k="preset_color_110" v="16,175,184,255" />
    <prop k="preset_color_111" v="18,175,183,255" />
    <prop k="preset_color_112" v="19,176,182,255" />
    <prop k="preset_color_113" v="21,176,180,255" />
    <prop k="preset_color_114" v="23,177,179,255" />
    <prop k="preset_color_115" v="24,178,178,255" />
    <prop k="preset_color_116" v="26,178,177,255" />
    <prop k="preset_color_117" v="28,179,175,255" />
    <prop k="preset_color_118" v="30,179,174,255" />
    <prop k="preset_color_119" v="32,180,173,255" />
    <prop k="preset_color_12" v="53,61,172,255" />
    <prop k="preset_color_120" v="34,180,171,255" />
    <prop k="preset_color_121" v="36,181,170,255" />
    <prop k="preset_color_122" v="38,181,169,255" />
    <prop k="preset_color_123" v="40,182,167,255" />
    <prop k="preset_color_124" v="43,182,166,255" />
    <prop k="preset_color_125" v="45,183,165,255" />
    <prop k="preset_color_126" v="47,183,163,255" />
    <prop k="preset_color_127" v="49,184,162,255" />
    <prop k="preset_color_128" v="52,184,160,255" />
    <prop k="preset_color_129" v="54,185,159,255" />
    <prop k="preset_color_13" v="53,62,175,255" />
    <prop k="preset_color_130" v="57,185,157,255" />
    <prop k="preset_color_131" v="59,186,156,255" />
    <prop k="preset_color_132" v="62,186,154,255" />
    <prop k="preset_color_133" v="64,186,153,255" />
    <prop k="preset_color_134" v="67,187,151,255" />
    <prop k="preset_color_135" v="70,187,150,255" />
    <prop k="preset_color_136" v="73,188,148,255" />
    <prop k="preset_color_137" v="75,188,147,255" />
    <prop k="preset_color_138" v="78,188,145,255" />
    <prop k="preset_color_139" v="81,189,144,255" />
    <prop k="preset_color_14" v="52,64,179,255" />
    <prop k="preset_color_140" v="84,189,142,255" />
    <prop k="preset_color_141" v="87,189,141,255" />
    <prop k="preset_color_142" v="90,189,139,255" />
    <prop k="preset_color_143" v="93,190,138,255" />
    <prop k="preset_color_144" v="96,190,136,255" />
    <prop k="preset_color_145" v="99,190,135,255" />
    <prop k="preset_color_146" v="102,190,133,255" />
    <prop k="preset_color_147" v="105,190,132,255" />
    <prop k="preset_color_148" v="108,191,131,255" />
    <prop k="preset_color_149" v="111,191,129,255" />
    <prop k="preset_color_15" v="51,65,182,255" />
    <prop k="preset_color_150" v="113,191,128,255" />
    <prop k="preset_color_151" v="116,191,127,255" />
    <prop k="preset_color_152" v="119,191,126,255" />
    <prop k="preset_color_153" v="122,191,124,255" />
    <prop k="preset_color_154" v="125,191,123,255" />
    <prop k="preset_color_155" v="128,191,122,255" />
    <prop k="preset_color_156" v="130,191,121,255" />
    <prop k="preset_color_157" v="133,191,120,255" />
    <prop k="preset_color_158" v="136,191,119,255" />
    <prop k="preset_color_159" v="138,191,118,255" />
    <prop k="preset_color_16" v="50,67,185,255" />
    <prop k="preset_color_160" v="141,191,117,255" />
    <prop k="preset_color_161" v="143,191,116,255" />
    <prop k="preset_color_162" v="146,191,114,255" />
    <prop k="preset_color_163" v="148,191,114,255" />
    <prop k="preset_color_164" v="151,191,113,255" />
    <prop k="preset_color_165" v="153,191,112,255" />
    <prop k="preset_color_166" v="156,191,111,255" />
    <prop k="preset_color_167" v="158,190,110,255" />
    <prop k="preset_color_168" v="160,190,109,255" />
    <prop k="preset_color_169" v="163,190,108,255" />
    <prop k="preset_color_17" v="49,69,188,255" />
    <prop k="preset_color_170" v="165,190,107,255" />
    <prop k="preset_color_171" v="167,190,106,255" />
    <prop k="preset_color_172" v="170,190,105,255" />
    <prop k="preset_color_173" v="172,190,104,255" />
    <prop k="preset_color_174" v="174,190,103,255" />
    <prop k="preset_color_175" v="176,189,102,255" />
    <prop k="preset_color_176" v="179,189,101,255" />
    <prop k="preset_color_177" v="181,189,101,255" />
    <prop k="preset_color_178" v="183,189,100,255" />
    <prop k="preset_color_179" v="185,189,99,255" />
    <prop k="preset_color_18" v="48,70,191,255" />
    <prop k="preset_color_180" v="187,189,98,255" />
    <prop k="preset_color_181" v="189,188,97,255" />
    <prop k="preset_color_182" v="192,188,96,255" />
    <prop k="preset_color_183" v="194,188,95,255" />
    <prop k="preset_color_184" v="196,188,95,255" />
    <prop k="preset_color_185" v="198,188,94,255" />
    <prop k="preset_color_186" v="200,188,93,255" />
    <prop k="preset_color_187" v="202,187,92,255" />
    <prop k="preset_color_188" v="204,187,91,255" />
    <prop k="preset_color_189" v="206,187,90,255" />
    <prop k="preset_color_19" v="46,72,195,255" />
    <prop k="preset_color_190" v="208,187,89,255" />
    <prop k="preset_color_191" v="210,187,89,255" />
    <prop k="preset_color_192" v="212,187,88,255" />
    <prop k="preset_color_193" v="214,186,87,255" />
    <prop k="preset_color_194" v="216,186,86,255" />
    <prop k="preset_color_195" v="218,186,85,255" />
    <prop k="preset_color_196" v="220,186,84,255" />
    <prop k="preset_color_197" v="222,186,83,255" />
    <prop k="preset_color_198" v="224,186,82,255" />
    <prop k="preset_color_199" v="226,185,81,255" />
    <prop k="preset_color_2" v="54,45,141,255" />
    <prop k="preset_color_20" v="44,74,198,255" />
    <prop k="preset_color_200" v="228,185,80,255" />
    <prop k="preset_color_201" v="230,185,79,255" />
    <prop k="preset_color_202" v="232,185,78,255" />
    <prop k="preset_color_203" v="234,185,77,255" />
    <prop k="preset_color_204" v="236,185,76,255" />
    <prop k="preset_color_205" v="238,185,75,255" />
    <prop k="preset_color_206" v="240,185,74,255" />
    <prop k="preset_color_207" v="242,185,73,255" />
    <prop k="preset_color_208" v="244,185,72,255" />
    <prop k="preset_color_209" v="246,186,70,255" />
    <prop k="preset_color_21" v="42,76,201,255" />
    <prop k="preset_color_210" v="248,186,69,255" />
    <prop k="preset_color_211" v="249,187,67,255" />
    <prop k="preset_color_212" v="251,188,66,255" />
    <prop k="preset_color_213" v="252,188,64,255" />
    <prop k="preset_color_214" v="253,189,62,255" />
    <prop k="preset_color_215" v="254,191,61,255" />
    <prop k="preset_color_216" v="254,192,59,255" />
    <prop k="preset_color_217" v="255,193,57,255" />
    <prop k="preset_color_218" v="255,194,56,255" />
    <prop k="preset_color_219" v="255,196,55,255" />
    <prop k="preset_color_22" v="39,78,204,255" />
    <prop k="preset_color_220" v="255,197,53,255" />
    <prop k="preset_color_221" v="254,198,52,255" />
    <prop k="preset_color_222" v="254,200,51,255" />
    <prop k="preset_color_223" v="254,201,50,255" />
    <prop k="preset_color_224" v="253,202,49,255" />
    <prop k="preset_color_225" v="253,204,48,255" />
    <prop k="preset_color_226" v="252,205,46,255" />
    <prop k="preset_color_227" v="252,206,45,255" />
    <prop k="preset_color_228" v="251,207,44,255" />
    <prop k="preset_color_229" v="251,209,43,255" />
    <prop k="preset_color_23" v="36,80,208,255" />
    <prop k="preset_color_230" v="250,210,42,255" />
    <prop k="preset_color_231" v="249,211,41,255" />
    <prop k="preset_color_232" v="249,213,40,255" />
    <prop k="preset_color_233" v="248,214,39,255" />
    <prop k="preset_color_234" v="248,215,38,255" />
    <prop k="preset_color_235" v="247,217,37,255" />
    <prop k="preset_color_236" v="247,218,36,255" />
    <prop k="preset_color_237" v="246,219,35,255" />
    <prop k="preset_color_238" v="246,221,34,255" />
    <prop k="preset_color_239" v="245,222,33,255" />
    <prop k="preset_color_24" v="33,82,211,255" />
    <prop k="preset_color_240" v="245,224,32,255" />
    <prop k="preset_color_241" v="245,225,31,255" />
    <prop k="preset_color_242" v="245,227,30,255" />
    <prop k="preset_color_243" v="244,228,29,255" />
    <prop k="preset_color_244" v="244,230,28,255" />
    <prop k="preset_color_245" v="244,232,26,255" />
    <prop k="preset_color_246" v="245,233,25,255" />
    <prop k="preset_color_247" v="245,235,24,255" />
    <prop k="preset_color_248" v="245,237,23,255" />
    <prop k="preset_color_249" v="245,239,22,255" />
    <prop k="preset_color_25" v="29,84,214,255" />
    <prop k="preset_color_250" v="246,241,20,255" />
    <prop k="preset_color_251" v="246,243,19,255" />
    <prop k="preset_color_252" v="247,245,18,255" />
    <prop k="preset_color_253" v="248,247,17,255" />
    <prop k="preset_color_254" v="248,249,15,255" />
    <prop k="preset_color_255" v="249,251,14,255" />
    <prop k="preset_color_26" v="25,87,217,255" />
    <prop k="preset_color_27" v="21,89,219,255" />
    <prop k="preset_color_28" v="16,91,221,255" />
    <prop k="preset_color_29" v="12,93,222,255" />
    <prop k="preset_color_3" v="54,47,144,255" />
    <prop k="preset_color_30" v="8,95,224,255" />
    <prop k="preset_color_31" v="5,97,224,255" />
    <prop k="preset_color_32" v="3,98,225,255" />
    <prop k="preset_color_33" v="2,100,225,255" />
    <prop k="preset_color_34" v="2,101,225,255" />
    <prop k="preset_color_35" v="1,102,225,255" />
    <prop k="preset_color_36" v="1,104,225,255" />
    <prop k="preset_color_37" v="2,105,225,255" />
    <prop k="preset_color_38" v="2,106,225,255" />
    <prop k="preset_color_39" v="3,107,225,255" />
    <prop k="preset_color_4" v="54,48,147,255" />
    <prop k="preset_color_40" v="4,108,224,255" />
    <prop k="preset_color_41" v="5,109,224,255" />
    <prop k="preset_color_42" v="6,110,223,255" />
    <prop k="preset_color_43" v="7,111,223,255" />
    <prop k="preset_color_44" v="8,112,223,255" />
    <prop k="preset_color_45" v="9,113,222,255" />
    <prop k="preset_color_46" v="10,114,222,255" />
    <prop k="preset_color_47" v="11,115,221,255" />
    <prop k="preset_color_48" v="12,116,221,255" />
    <prop k="preset_color_49" v="13,117,220,255" />
    <prop k="preset_color_5" v="54,50,150,255" />
    <prop k="preset_color_50" v="14,118,220,255" />
    <prop k="preset_color_51" v="15,119,219,255" />
    <prop k="preset_color_52" v="16,120,218,255" />
    <prop k="preset_color_53" v="16,121,218,255" />
    <prop k="preset_color_54" v="17,122,217,255" />
    <prop k="preset_color_55" v="18,123,217,255" />
    <prop k="preset_color_56" v="18,124,216,255" />
    <prop k="preset_color_57" v="19,125,216,255" />
    <prop k="preset_color_58" v="19,126,215,255" />
    <prop k="preset_color_59" v="19,127,215,255" />
    <prop k="preset_color_6" v="54,51,153,255" />
    <prop k="preset_color_60" v="20,128,214,255" />
    <prop k="preset_color_61" v="20,129,214,255" />
    <prop k="preset_color_62" v="20,130,213,255" />
    <prop k="preset_color_63" v="20,131,213,255" />
    <prop k="preset_color_64" v="20,132,212,255" />
    <prop k="preset_color_65" v="20,133,212,255" />
    <prop k="preset_color_66" v="20,134,211,255" />
    <prop k="preset_color_67" v="20,135,211,255" />
    <prop k="preset_color_68" v="19,136,211,255" />
    <prop k="preset_color_69" v="19,137,211,255" />
    <prop k="preset_color_7" v="54,53,156,255" />
    <prop k="preset_color_70" v="18,138,210,255" />
    <prop k="preset_color_71" v="18,140,210,255" />
    <prop k="preset_color_72" v="17,141,210,255" />
    <prop k="preset_color_73" v="16,142,210,255" />
    <prop k="preset_color_74" v="15,143,210,255" />
    <prop k="preset_color_75" v="14,145,210,255" />
    <prop k="preset_color_76" v="13,146,210,255" />
    <prop k="preset_color_77" v="12,147,210,255" />
    <prop k="preset_color_78" v="11,149,210,255" />
    <prop k="preset_color_79" v="10,150,210,255" />
    <prop k="preset_color_8" v="54,54,160,255" />
    <prop k="preset_color_80" v="9,151,209,255" />
    <prop k="preset_color_81" v="9,152,209,255" />
    <prop k="preset_color_82" v="8,153,209,255" />
    <prop k="preset_color_83" v="8,154,208,255" />
    <prop k="preset_color_84" v="7,155,208,255" />
    <prop k="preset_color_85" v="7,156,207,255" />
    <prop k="preset_color_86" v="7,157,207,255" />
    <prop k="preset_color_87" v="6,158,206,255" />
    <prop k="preset_color_88" v="6,159,206,255" />
    <prop k="preset_color_89" v="6,160,205,255" />
    <prop k="preset_color_9" v="54,56,163,255" />
    <prop k="preset_color_90" v="6,161,204,255" />
    <prop k="preset_color_91" v="6,162,203,255" />
    <prop k="preset_color_92" v="6,163,203,255" />
    <prop k="preset_color_93" v="6,164,202,255" />
    <prop k="preset_color_94" v="6,164,201,255" />
    <prop k="preset_color_95" v="6,165,200,255" />
    <prop k="preset_color_96" v="6,166,199,255" />
    <prop k="preset_color_97" v="6,167,198,255" />
    <prop k="preset_color_98" v="6,167,197,255" />
    <prop k="preset_color_99" v="6,168,196,255" />
    <prop k="preset_color_name_0" v="#352a87" />
    <prop k="preset_color_name_1" v="#352c8a" />
    <prop k="preset_color_name_10" v="#3639a6" />
    <prop k="preset_color_name_100" v="#06a9c3" />
    <prop k="preset_color_name_101" v="#07a9c2" />
    <prop k="preset_color_name_102" v="#07aac1" />
    <prop k="preset_color_name_103" v="#08abc0" />
    <prop k="preset_color_name_104" v="#09abbf" />
    <prop k="preset_color_name_105" v="#0aacbe" />
    <prop k="preset_color_name_106" v="#0bacbd" />
    <prop k="preset_color_name_107" v="#0cadbc" />
    <prop k="preset_color_name_108" v="#0daeba" />
    <prop k="preset_color_name_109" v="#0faeb9" />
    <prop k="preset_color_name_11" v="#363ba9" />
    <prop k="preset_color_name_110" v="#10afb8" />
    <prop k="preset_color_name_111" v="#12afb7" />
    <prop k="preset_color_name_112" v="#13b0b6" />
    <prop k="preset_color_name_113" v="#15b0b4" />
    <prop k="preset_color_name_114" v="#17b1b3" />
    <prop k="preset_color_name_115" v="#18b2b2" />
    <prop k="preset_color_name_116" v="#1ab2b1" />
    <prop k="preset_color_name_117" v="#1cb3af" />
    <prop k="preset_color_name_118" v="#1eb3ae" />
    <prop k="preset_color_name_119" v="#20b4ad" />
    <prop k="preset_color_name_12" v="#353dac" />
    <prop k="preset_color_name_120" v="#22b4ab" />
    <prop k="preset_color_name_121" v="#24b5aa" />
    <prop k="preset_color_name_122" v="#26b5a9" />
    <prop k="preset_color_name_123" v="#28b6a7" />
    <prop k="preset_color_name_124" v="#2bb6a6" />
    <prop k="preset_color_name_125" v="#2db7a5" />
    <prop k="preset_color_name_126" v="#2fb7a3" />
    <prop k="preset_color_name_127" v="#31b8a2" />
    <prop k="preset_color_name_128" v="#34b8a0" />
    <prop k="preset_color_name_129" v="#36b99f" />
    <prop k="preset_color_name_13" v="#353eaf" />
    <prop k="preset_color_name_130" v="#39b99d" />
    <prop k="preset_color_name_131" v="#3bba9c" />
    <prop k="preset_color_name_132" v="#3eba9a" />
    <prop k="preset_color_name_133" v="#40ba99" />
    <prop k="preset_color_name_134" v="#43bb97" />
    <prop k="preset_color_name_135" v="#46bb96" />
    <prop k="preset_color_name_136" v="#49bc94" />
    <prop k="preset_color_name_137" v="#4bbc93" />
    <prop k="preset_color_name_138" v="#4ebc91" />
    <prop k="preset_color_name_139" v="#51bd90" />
    <prop k="preset_color_name_14" v="#3440b3" />
    <prop k="preset_color_name_140" v="#54bd8e" />
    <prop k="preset_color_name_141" v="#57bd8d" />
    <prop k="preset_color_name_142" v="#5abd8b" />
    <prop k="preset_color_name_143" v="#5dbe8a" />
    <prop k="preset_color_name_144" v="#60be88" />
    <prop k="preset_color_name_145" v="#63be87" />
    <prop k="preset_color_name_146" v="#66be85" />
    <prop k="preset_color_name_147" v="#69be84" />
    <prop k="preset_color_name_148" v="#6cbf83" />
    <prop k="preset_color_name_149" v="#6fbf81" />
    <prop k="preset_color_name_15" v="#3341b6" />
    <prop k="preset_color_name_150" v="#71bf80" />
    <prop k="preset_color_name_151" v="#74bf7f" />
    <prop k="preset_color_name_152" v="#77bf7e" />
    <prop k="preset_color_name_153" v="#7abf7c" />
    <prop k="preset_color_name_154" v="#7dbf7b" />
    <prop k="preset_color_name_155" v="#80bf7a" />
    <prop k="preset_color_name_156" v="#82bf79" />
    <prop k="preset_color_name_157" v="#85bf78" />
    <prop k="preset_color_name_158" v="#88bf77" />
    <prop k="preset_color_name_159" v="#8abf76" />
    <prop k="preset_color_name_16" v="#3243b9" />
    <prop k="preset_color_name_160" v="#8dbf75" />
    <prop k="preset_color_name_161" v="#8fbf74" />
    <prop k="preset_color_name_162" v="#92bf72" />
    <prop k="preset_color_name_163" v="#94bf72" />
    <prop k="preset_color_name_164" v="#97bf71" />
    <prop k="preset_color_name_165" v="#99bf70" />
    <prop k="preset_color_name_166" v="#9cbf6f" />
    <prop k="preset_color_name_167" v="#9ebe6e" />
    <prop k="preset_color_name_168" v="#a0be6d" />
    <prop k="preset_color_name_169" v="#a3be6c" />
    <prop k="preset_color_name_17" v="#3145bc" />
    <prop k="preset_color_name_170" v="#a5be6b" />
    <prop k="preset_color_name_171" v="#a7be6a" />
    <prop k="preset_color_name_172" v="#aabe69" />
    <prop k="preset_color_name_173" v="#acbe68" />
    <prop k="preset_color_name_174" v="#aebe67" />
    <prop k="preset_color_name_175" v="#b0bd66" />
    <prop k="preset_color_name_176" v="#b3bd65" />
    <prop k="preset_color_name_177" v="#b5bd65" />
    <prop k="preset_color_name_178" v="#b7bd64" />
    <prop k="preset_color_name_179" v="#b9bd63" />
    <prop k="preset_color_name_18" v="#3046bf" />
    <prop k="preset_color_name_180" v="#bbbd62" />
    <prop k="preset_color_name_181" v="#bdbc61" />
    <prop k="preset_color_name_182" v="#c0bc60" />
    <prop k="preset_color_name_183" v="#c2bc5f" />
    <prop k="preset_color_name_184" v="#c4bc5f" />
    <prop k="preset_color_name_185" v="#c6bc5e" />
    <prop k="preset_color_name_186" v="#c8bc5d" />
    <prop k="preset_color_name_187" v="#cabb5c" />
    <prop k="preset_color_name_188" v="#ccbb5b" />
    <prop k="preset_color_name_189" v="#cebb5a" />
    <prop k="preset_color_name_19" v="#2e48c3" />
    <prop k="preset_color_name_190" v="#d0bb59" />
    <prop k="preset_color_name_191" v="#d2bb59" />
    <prop k="preset_color_name_192" v="#d4bb58" />
    <prop k="preset_color_name_193" v="#d6ba57" />
    <prop k="preset_color_name_194" v="#d8ba56" />
    <prop k="preset_color_name_195" v="#daba55" />
    <prop k="preset_color_name_196" v="#dcba54" />
    <prop k="preset_color_name_197" v="#deba53" />
    <prop k="preset_color_name_198" v="#e0ba52" />
    <prop k="preset_color_name_199" v="#e2b951" />
    <prop k="preset_color_name_2" v="#362d8d" />
    <prop k="preset_color_name_20" v="#2c4ac6" />
    <prop k="preset_color_name_200" v="#e4b950" />
    <prop k="preset_color_name_201" v="#e6b94f" />
    <prop k="preset_color_name_202" v="#e8b94e" />
    <prop k="preset_color_name_203" v="#eab94d" />
    <prop k="preset_color_name_204" v="#ecb94c" />
    <prop k="preset_color_name_205" v="#eeb94b" />
    <prop k="preset_color_name_206" v="#f0b94a" />
    <prop k="preset_color_name_207" v="#f2b949" />
    <prop k="preset_color_name_208" v="#f4b948" />
    <prop k="preset_color_name_209" v="#f6ba46" />
    <prop k="preset_color_name_21" v="#2a4cc9" />
    <prop k="preset_color_name_210" v="#f8ba45" />
    <prop k="preset_color_name_211" v="#f9bb43" />
    <prop k="preset_color_name_212" v="#fbbc42" />
    <prop k="preset_color_name_213" v="#fcbc40" />
    <prop k="preset_color_name_214" v="#fdbd3e" />
    <prop k="preset_color_name_215" v="#febf3d" />
    <prop k="preset_color_name_216" v="#fec03b" />
    <prop k="preset_color_name_217" v="#ffc139" />
    <prop k="preset_color_name_218" v="#ffc238" />
    <prop k="preset_color_name_219" v="#ffc437" />
    <prop k="preset_color_name_22" v="#274ecc" />
    <prop k="preset_color_name_220" v="#ffc535" />
    <prop k="preset_color_name_221" v="#fec634" />
    <prop k="preset_color_name_222" v="#fec833" />
    <prop k="preset_color_name_223" v="#fec932" />
    <prop k="preset_color_name_224" v="#fdca31" />
    <prop k="preset_color_name_225" v="#fdcc30" />
    <prop k="preset_color_name_226" v="#fccd2e" />
    <prop k="preset_color_name_227" v="#fcce2d" />
    <prop k="preset_color_name_228" v="#fbcf2c" />
    <prop k="preset_color_name_229" v="#fbd12b" />
    <prop k="preset_color_name_23" v="#2450d0" />
    <prop k="preset_color_name_230" v="#fad22a" />
    <prop k="preset_color_name_231" v="#f9d329" />
    <prop k="preset_color_name_232" v="#f9d528" />
    <prop k="preset_color_name_233" v="#f8d627" />
    <prop k="preset_color_name_234" v="#f8d726" />
    <prop k="preset_color_name_235" v="#f7d925" />
    <prop k="preset_color_name_236" v="#f7da24" />
    <prop k="preset_color_name_237" v="#f6db23" />
    <prop k="preset_color_name_238" v="#f6dd22" />
    <prop k="preset_color_name_239" v="#f5de21" />
    <prop k="preset_color_name_24" v="#2152d3" />
    <prop k="preset_color_name_240" v="#f5e020" />
    <prop k="preset_color_name_241" v="#f5e11f" />
    <prop k="preset_color_name_242" v="#f5e31e" />
    <prop k="preset_color_name_243" v="#f4e41d" />
    <prop k="preset_color_name_244" v="#f4e61c" />
    <prop k="preset_color_name_245" v="#f4e81a" />
    <prop k="preset_color_name_246" v="#f5e919" />
    <prop k="preset_color_name_247" v="#f5eb18" />
    <prop k="preset_color_name_248" v="#f5ed17" />
    <prop k="preset_color_name_249" v="#f5ef16" />
    <prop k="preset_color_name_25" v="#1d54d6" />
    <prop k="preset_color_name_250" v="#f6f114" />
    <prop k="preset_color_name_251" v="#f6f313" />
    <prop k="preset_color_name_252" v="#f7f512" />
    <prop k="preset_color_name_253" v="#f8f711" />
    <prop k="preset_color_name_254" v="#f8f90f" />
    <prop k="preset_color_name_255" v="#f9fb0e" />
    <prop k="preset_color_name_26" v="#1957d9" />
    <prop k="preset_color_name_27" v="#1559db" />
    <prop k="preset_color_name_28" v="#105bdd" />
    <prop k="preset_color_name_29" v="#0c5dde" />
    <prop k="preset_color_name_3" v="#362f90" />
    <prop k="preset_color_name_30" v="#085fe0" />
    <prop k="preset_color_name_31" v="#0561e0" />
    <prop k="preset_color_name_32" v="#0362e1" />
    <prop k="preset_color_name_33" v="#0264e1" />
    <prop k="preset_color_name_34" v="#0265e1" />
    <prop k="preset_color_name_35" v="#0166e1" />
    <prop k="preset_color_name_36" v="#0168e1" />
    <prop k="preset_color_name_37" v="#0269e1" />
    <prop k="preset_color_name_38" v="#026ae1" />
    <prop k="preset_color_name_39" v="#036be1" />
    <prop k="preset_color_name_4" v="#363093" />
    <prop k="preset_color_name_40" v="#046ce0" />
    <prop k="preset_color_name_41" v="#056de0" />
    <prop k="preset_color_name_42" v="#066edf" />
    <prop k="preset_color_name_43" v="#076fdf" />
    <prop k="preset_color_name_44" v="#0870df" />
    <prop k="preset_color_name_45" v="#0971de" />
    <prop k="preset_color_name_46" v="#0a72de" />
    <prop k="preset_color_name_47" v="#0b73dd" />
    <prop k="preset_color_name_48" v="#0c74dd" />
    <prop k="preset_color_name_49" v="#0d75dc" />
    <prop k="preset_color_name_5" v="#363296" />
    <prop k="preset_color_name_50" v="#0e76dc" />
    <prop k="preset_color_name_51" v="#0f77db" />
    <prop k="preset_color_name_52" v="#1078da" />
    <prop k="preset_color_name_53" v="#1079da" />
    <prop k="preset_color_name_54" v="#117ad9" />
    <prop k="preset_color_name_55" v="#127bd9" />
    <prop k="preset_color_name_56" v="#127cd8" />
    <prop k="preset_color_name_57" v="#137dd8" />
    <prop k="preset_color_name_58" v="#137ed7" />
    <prop k="preset_color_name_59" v="#137fd7" />
    <prop k="preset_color_name_6" v="#363399" />
    <prop k="preset_color_name_60" v="#1480d6" />
    <prop k="preset_color_name_61" v="#1481d6" />
    <prop k="preset_color_name_62" v="#1482d5" />
    <prop k="preset_color_name_63" v="#1483d5" />
    <prop k="preset_color_name_64" v="#1484d4" />
    <prop k="preset_color_name_65" v="#1485d4" />
    <prop k="preset_color_name_66" v="#1486d3" />
    <prop k="preset_color_name_67" v="#1487d3" />
    <prop k="preset_color_name_68" v="#1388d3" />
    <prop k="preset_color_name_69" v="#1389d3" />
    <prop k="preset_color_name_7" v="#36359c" />
    <prop k="preset_color_name_70" v="#128ad2" />
    <prop k="preset_color_name_71" v="#128cd2" />
    <prop k="preset_color_name_72" v="#118dd2" />
    <prop k="preset_color_name_73" v="#108ed2" />
    <prop k="preset_color_name_74" v="#0f8fd2" />
    <prop k="preset_color_name_75" v="#0e91d2" />
    <prop k="preset_color_name_76" v="#0d92d2" />
    <prop k="preset_color_name_77" v="#0c93d2" />
    <prop k="preset_color_name_78" v="#0b95d2" />
    <prop k="preset_color_name_79" v="#0a96d2" />
    <prop k="preset_color_name_8" v="#3636a0" />
    <prop k="preset_color_name_80" v="#0997d1" />
    <prop k="preset_color_name_81" v="#0998d1" />
    <prop k="preset_color_name_82" v="#0899d1" />
    <prop k="preset_color_name_83" v="#089ad0" />
    <prop k="preset_color_name_84" v="#079bd0" />
    <prop k="preset_color_name_85" v="#079ccf" />
    <prop k="preset_color_name_86" v="#079dcf" />
    <prop k="preset_color_name_87" v="#069ece" />
    <prop k="preset_color_name_88" v="#069fce" />
    <prop k="preset_color_name_89" v="#06a0cd" />
    <prop k="preset_color_name_9" v="#3638a3" />
    <prop k="preset_color_name_90" v="#06a1cc" />
    <prop k="preset_color_name_91" v="#06a2cb" />
    <prop k="preset_color_name_92" v="#06a3cb" />
    <prop k="preset_color_name_93" v="#06a4ca" />
    <prop k="preset_color_name_94" v="#06a4c9" />
    <prop k="preset_color_name_95" v="#06a5c8" />
    <prop k="preset_color_name_96" v="#06a6c7" />
    <prop k="preset_color_name_97" v="#06a7c6" />
    <prop k="preset_color_name_98" v="#06a7c5" />
    <prop k="preset_color_name_99" v="#06a8c4" />
    <prop k="rampType" v="preset" />
    </colorramp>
  </colorramps>
</qgis_style>
